set,group,key,engine,n,excellent,strong,moderate,weak,minimal,compile_fail,build_fail,run_error,timeout,not_run,tvTrades,engineTrades,matchedPct,countDelta_median,countDelta_p90,entryP90_median,entryP90_p90,exitP90_median,exitP90_p90,pnlP90_median,pnlP90_p90,netProfitRelErr_median,netProfitRelErr_p90,maxEquityDev_median,wall_median_s,wall_p95_s
A,headline,best-supported-configuration,PineForge - BEST SUPPORTED CONFIGURATION,100,90,10,0,0,0,0,0,0,0,0,167301,166611,99.9301,0.0,0.0,0.0,0.0,0.0,0.0,0.0007945352277072136,0.0009302645728777995,0.0009748911371562031,0.020522897221767325,0.0006885399822648061,0.192,0.283
A,headline,best-supported-configuration,PyneCore 6.9.1 - BEST SUPPORTED CONFIGURATION,100,82,18,0,0,0,0,0,0,0,0,167301,246026,99.8933,0.0,0.00034831069313827936,0.0,0.0,0.0,0.0,0.0007977983171198044,0.0009677792796175279,0.005585986959259688,0.17390179054610472,0.003071111367438626,1.955,5.012
A,headline,best-supported-configuration,PyneCore 6.4.6 - BEST SUPPORTED CONFIGURATION,100,69,18,10,2,0,0,0,1,0,0,167301,242657,99.1091,0.0,0.0014561339643247178,0.0,0.0,0.0,0.004962048741318774,0.0008196729568703048,3.4833793536542688,0.01094594934480243,0.5262129684298267,0.006040122600999904,2.721,7.858
A,secondary-one-csv,one-chart-csv,"PineForge (full feed, tape-window)",100,89,11,0,0,0,0,0,0,0,0,167301,166022,99.9253,0.0,0.0,0.0,0.0,0.0,0.0,0.0007945352277072136,0.0009298901745790601,0.0009748911371562031,0.020522897221767325,0.0006885399822648061,0.192,0.288
A,secondary-one-csv,one-chart-csv,PyneCore 6.9.1 (full feed),100,81,18,0,1,0,0,0,0,0,0,167301,245417,99.6354,0.0,0.00035137034434293746,0.0,0.0,0.0,0.0,0.0007979066890120846,0.0010157032087356433,0.005687393611695192,0.18684807256235741,0.0032231094997750074,1.955,5.012
A,secondary-one-csv,one-chart-csv,PyneCore 6.4.6 (full feed),100,69,18,10,2,0,0,0,1,0,0,167301,242657,99.1091,0.0,0.0014561339643247178,0.0,0.0,0.0,0.004962048741318774,0.0008196729568703048,3.4833793536542688,0.01094594934480243,0.5262129684298267,0.006040122600999904,2.721,7.858
A,all,all,PineForge (the campaign's own verifier: verify-engine-local.py ladder),100,0,0,0,0,0,0,0,100,0,0,167301,0,0.0,,,,,,,,,,,,,
A,all,all,"PineForge (full feed, tape-window)",100,89,11,0,0,0,0,0,0,0,0,167301,166022,99.9253,0.0,0.0,0.0,0.0,0.0,0.0,0.0007945352277072136,0.0009298901745790601,0.0009748911371562031,0.020522897221767325,0.0006885399822648061,0.192,0.288
A,all,all,PineForge (range-start feed),100,89,11,0,0,0,0,0,0,0,0,167301,165850,99.9252,0.0,0.0,0.0,0.0,0.0,0.0,0.0007974166106565278,0.0009485420973194543,0.0009748911371562031,0.03908955962394843,0.0007751995489747774,0.186,0.281
A,all,all,"PineForge (full feed, raw)",100,84,16,0,0,0,0,0,0,0,0,167301,245503,99.9247,0.0,0.00033932813030200206,0.0,0.0,0.0,0.0,0.0007979066890120846,0.0009677792796175279,0.005585986959259688,0.18684807256235741,0.003071111367438626,0.158,0.225
A,all,all,"PyneCore 6.9.1 (full feed, --security supplied)",100,81,18,0,1,0,0,0,0,0,0,167301,245417,99.6354,0.0,0.00035137034434293746,0.0,0.0,0.0,0.0,0.0007979066890120846,0.0010157032087356433,0.005687393611695192,0.18684807256235741,0.0032231094997750074,2.142,4.304
A,all,all,PyneCore 6.9.1 (full feed),100,81,18,0,1,0,0,0,0,0,0,167301,245417,99.6354,0.0,0.00035137034434293746,0.0,0.0,0.0,0.0,0.0007979066890120846,0.0010157032087356433,0.005687393611695192,0.18684807256235741,0.0032231094997750074,1.955,5.012
A,all,all,PyneCore 6.9.1 (--security + the probe's --from/--to window),100,81,18,0,1,0,0,0,0,0,0,167301,236847,99.6354,0.0,0.00035137034434293746,0.0,0.0,0.0,0.0,0.0007979066890120846,0.0010157032087356433,0.002973005113568626,0.11754068716093995,0.0014452921385585311,1.03,2.403
A,all,all,PyneCore 6.4.6 (full feed),100,69,18,10,2,0,0,0,1,0,0,167301,242657,99.1091,0.0,0.0014561339643247178,0.0,0.0,0.0,0.004962048741318774,0.0008196729568703048,3.4833793536542688,0.01094594934480243,0.5262129684298267,0.006040122600999904,2.721,7.858
A,all,all,"PyneCore 6.9.1 (recompiled 6.0.66, full feed)",100,82,18,0,0,0,0,0,0,0,0,167301,246026,99.8933,0.0,0.00034831069313827936,0.0,0.0,0.0,0.0,0.0007977983171198044,0.0009677792796175279,0.005585986959259688,0.17390179054610472,0.003071111367438626,1.937,4.943
B,headline,best-supported-configuration,PineForge - BEST SUPPORTED CONFIGURATION,311,310,1,0,0,0,0,0,0,0,0,431244,429642,99.9977,0.0,0.0,0.0,0.0,0.0,0.0,0.0,0.0,0.0,0.000801067992156864,0.0,4.75,28.92
B,headline,best-supported-configuration,PyneCore 6.9.1 - BEST SUPPORTED CONFIGURATION,311,272,24,0,11,1,0,0,3,0,0,431244,2236989,99.3391,0.0,0.0,0.0,0.0,0.0,0.0,0.0,0.0,4.0647101861600296e-05,0.038517981388442785,2.449579488852184e-05,5.55,14.413
B,headline,best-supported-configuration,PyneCore 6.4.6 - BEST SUPPORTED CONFIGURATION,311,233,25,8,11,1,0,0,33,0,0,431244,2069901,98.6802,0.0,0.00018221574344023323,0.0,0.0,0.0,0.0,0.0,0.0,0.0006301991429290333,0.12989819133927313,0.0004823851837487666,6.789,14.508
B,secondary-one-csv,one-chart-csv,"PineForge (full feed, tape-window)",311,311,0,0,0,0,0,0,0,0,0,431244,429642,99.9974,0.0,0.0,0.0,0.0,0.0,0.0,0.0,0.0,0.0,0.0008656272102523369,0.0,0.314,0.42
B,secondary-one-csv,one-chart-csv,PyneCore 6.9.1 (full feed),311,230,51,0,7,3,0,0,10,10,0,431244,2384331,99.2172,0.0,0.0002555583950932788,0.0,0.0,0.0,0.0,0.0,0.0,0.0003781997690990838,0.09782140156569312,0.00032612277009354273,5.932,12.1
B,secondary-one-csv,one-chart-csv,PyneCore 6.4.6 (full feed),311,205,50,8,11,4,0,0,33,0,0,431244,2272737,98.1593,0.0,0.0015698587127158557,0.0,0.0,0.0,0.0,0.0,0.14016519563535315,0.0012936783142170093,0.19396201634783208,0.0009711531544493453,8.115,15.578
B,all,all,PineForge (the campaign's own verifier: verify-engine-local.py ladder),311,310,1,0,0,0,0,0,0,0,0,431244,429642,99.9977,0.0,0.0,0.0,0.0,0.0,0.0,0.0,0.0,0.0,0.000801067992156864,0.0,4.75,28.92
B,all,all,"PineForge (full feed, tape-window)",311,311,0,0,0,0,0,0,0,0,0,431244,429642,99.9974,0.0,0.0,0.0,0.0,0.0,0.0,0.0,0.0,0.0,0.0008656272102523369,0.0,0.314,0.42
B,all,all,PineForge (range-start feed),311,282,24,0,1,4,0,0,0,0,0,431244,426248,99.3812,0.0,0.0,0.0,0.0,0.0,0.0,0.0,0.0,0.0,0.01198859104187753,0.0,0.235,0.346
B,all,all,"PineForge (full feed, raw)",311,267,34,2,2,6,0,0,0,0,0,431244,2286415,99.223,0.0,0.0,0.0,0.0,0.0,0.0,0.0,0.0,0.0003781997690990838,0.11136741591116367,0.00031597326279848126,0.289,0.529
B,all,all,PineForge (+ campaign 1m auxiliary feed),311,305,0,0,0,0,0,0,6,0,0,431244,420748,99.9974,0.0,0.0,0.0,0.0,0.0,0.0,0.0,0.0,0.0,0.000784693250330106,0.0,2.373,3.143
B,all,all,"PineForge (+ campaign 1m auxiliary feed, range-start bound)",311,276,24,0,1,4,0,0,6,0,0,431244,417375,99.3681,0.0,0.0,0.0,0.0,0.0,0.0,0.0,0.0,0.0,0.0070001196601650545,0.0,2.303,3.078
B,all,all,"PyneCore 6.9.1 (full feed, --security supplied)",311,230,51,0,12,3,0,0,2,13,0,431244,2386258,99.0867,0.0,0.00035124692658939234,0.0,0.0,0.0,0.0,0.0,0.03163706571254625,0.00047903766655426754,0.11651895434572138,0.0003699783151599922,6.069,11.984
B,all,all,PyneCore 6.9.1 (full feed),311,230,51,0,7,3,0,0,10,10,0,431244,2384331,99.2172,0.0,0.0002555583950932788,0.0,0.0,0.0,0.0,0.0,0.0,0.0003781997690990838,0.09782140156569312,0.00032612277009354273,5.932,12.1
B,all,all,PyneCore 6.9.1 (range-start feed),311,263,31,0,6,1,0,0,10,0,0,431244,433924,99.4528,0.0,0.0,0.0,0.0,0.0,0.0,0.0,0.0,1.0015122835472467e-05,0.02497253178464914,6.19382970684042e-06,1.391,4.014
B,all,all,PyneCore 6.9.1 (+ campaign 1m feed via --security),311,2,0,0,0,0,0,0,0,0,309,431244,23835,100.0,0.0,0.0,0.0,0.0,0.0,0.0,0.0,0.0,0.0,0.0,0.0,25.838,96.753
B,all,all,"PyneCore 6.9.1 (+ campaign 1m feed via --security, range-start feed)",311,1,1,0,0,0,0,0,0,0,309,431244,3974,99.9745,0.0,0.000321853878339234,0.0,0.0,0.0,0.0,0.0,0.0,0.0,0.0,0.0,10.476,31.05
B,all,all,PyneCore 6.9.1 (--security + the probe's --from/--to window),311,231,51,0,12,3,0,0,0,14,0,431244,2398521,99.095,0.0,0.00034818941504178273,0.0,0.0,0.0,0.0,0.0,0.0,0.0003953032122047604,0.13314878619791298,0.0003282904275982595,3.118,8.182
B,all,all,PyneCore 6.4.6 (full feed),311,205,50,8,11,4,0,0,33,0,0,431244,2272737,98.1593,0.0,0.0015698587127158557,0.0,0.0,0.0,0.0,0.0,0.14016519563535315,0.0012936783142170093,0.19396201634783208,0.0009711531544493453,8.115,15.578
B,all,all,PyneCore 6.4.6 (range-start feed),311,226,32,8,11,1,0,0,33,0,0,431244,390385,98.6691,0.0,0.00040290088638195,0.0,0.0,0.0,0.0,0.0,0.0,0.0005627886467544079,0.09262189694392241,0.0004665637080685789,1.545,2.896
C,headline,best-supported-configuration,PineForge - BEST SUPPORTED CONFIGURATION,200,198,2,0,0,0,0,0,0,0,0,165223,153227,99.9856,0.0,0.0,0.0,0.0,0.0,0.0,0.0,0.0,0.0,0.000626324528659682,0.0,2.58,12.59
C,headline,best-supported-configuration,PyneCore 6.9.1 - BEST SUPPORTED CONFIGURATION,200,114,42,15,15,6,0,0,8,0,0,165223,586436,98.1482,0.0,0.021739130434782608,0.0,0.0,0.0,0.0003273779784192962,0.0,0.9,0.0445982972141856,1.0,0.027160493827160723,2.558,117.556
C,headline,best-supported-configuration,PyneCore 6.4.6 - BEST SUPPORTED CONFIGURATION,200,60,46,24,5,11,0,0,54,0,0,165223,565321,90.9022,0.0,0.3836065573770492,0.0,2.771625115498841e-06,4.847899445032056e-07,0.0025172895630189477,0.0002651736748861471,1.0,0.17110266159695825,1.021059349074665,0.06553585196607556,2.4,20.601
C,secondary-one-csv,one-chart-csv,"PineForge (full feed, tape-window)",200,140,29,8,3,7,0,0,13,0,0,165223,151629,98.9187,0.0,0.0051635111876075735,0.0,0.0,0.0,1.4352953190071974e-08,0.0,0.0011775362318840747,4.607854069554824e-09,0.16415374814185602,1.396210573218769e-08,0.225,0.652
C,secondary-one-csv,one-chart-csv,PyneCore 6.9.1 (full feed),200,67,60,21,10,10,0,0,29,3,0,165223,707537,95.6891,0.0,0.05449591280653951,0.0,0.0,0.0,0.0005546593848029791,0.0,1.0,0.16923076923076924,1.1825305828286299,0.08355999999999758,3.092,112.913
C,secondary-one-csv,one-chart-csv,PyneCore 6.4.6 (full feed),200,43,49,27,8,19,0,0,54,0,0,165223,707641,90.2838,0.0,0.75,0.0,2.7954225887188893e-06,0.0,0.004547670257093196,0.0007832864143468674,1.0,0.17856395227129998,1.3045656938653962,0.10479208179531559,5.152,24.785
C,all,all,PineForge (the campaign's own verifier: verify-engine-local.py ladder),200,198,2,0,0,0,0,0,0,0,0,165223,153227,99.9856,0.0,0.0,0.0,0.0,0.0,0.0,0.0,0.0,0.0,0.000626324528659682,0.0,2.58,12.59
C,all,all,"PineForge (full feed, tape-window)",200,140,29,8,3,7,0,0,13,0,0,165223,151629,98.9187,0.0,0.0051635111876075735,0.0,0.0,0.0,1.4352953190071974e-08,0.0,0.0011775362318840747,4.607854069554824e-09,0.16415374814185602,1.396210573218769e-08,0.225,0.652
C,all,all,PineForge (range-start feed),200,156,19,5,3,4,0,0,13,0,0,165223,151390,98.9797,0.0,0.0010482180293501049,0.0,0.0,0.0,0.0,0.0,0.0,0.0,0.043140037090972555,0.0,0.158,0.323
C,all,all,"PineForge (full feed, raw)",200,93,59,20,3,12,0,0,13,0,0,165223,744008,97.1624,0.0,0.03201024327784891,0.0,0.0,0.0,4.942312262229237e-05,0.0,0.7361694289866297,0.014433321932367604,0.9452072252903282,0.013637711236288172,0.204,0.746
C,all,all,PineForge (+ campaign 1m auxiliary feed),200,105,24,6,3,3,0,0,59,0,0,165223,128423,99.2948,0.0,0.0026595744680851063,0.0,0.0,0.0,1.4056251888789997e-07,0.0,0.007079646017699125,1.461163774896026e-08,0.17071857898986278,1.8242144077188397e-08,1.561,3.162
C,all,all,"PineForge (+ campaign 1m auxiliary feed, range-start bound)",200,168,19,5,4,4,0,0,0,0,0,165223,151651,98.967,0.0,0.0010482180293501049,0.0,0.0,0.0,0.0,0.0,0.0,0.0,0.033898042789761884,0.0,1.178,2.406
C,all,all,"PyneCore 6.9.1 (full feed, --security supplied)",200,68,62,22,14,13,0,0,19,2,0,165223,711272,95.5649,0.0,0.1,0.0,0.0,0.0,0.0007469422445148935,0.0,1.0,0.16923076923076924,1.243221074289728,0.08972493342201691,2.864,110.386
C,all,all,PyneCore 6.9.1 (full feed),200,67,60,21,10,10,0,0,29,3,0,165223,707537,95.6891,0.0,0.05449591280653951,0.0,0.0,0.0,0.0005546593848029791,0.0,1.0,0.16923076923076924,1.1825305828286299,0.08355999999999758,3.092,112.913
C,all,all,PyneCore 6.9.1 (range-start feed),200,107,38,13,10,3,0,0,29,0,0,165223,146191,98.2573,0.0,0.008385744234800839,0.0,0.0,0.0,1.707137670261471e-09,0.0,0.75,0.032258064516129066,1.0,0.02156302657307376,0.974,30.658
C,all,all,PyneCore 6.9.1 (+ campaign 1m feed via --security),200,2,0,2,2,2,0,0,0,5,187,165223,399,89.4118,0.05555555555555555,0.5,0.0,0.0,0.0,0.001334840212306665,0.06792265223189378,0.8778752686721023,0.06813844859465308,0.5089279259043599,0.1845129720759296,118.626,215.247
C,all,all,"PyneCore 6.9.1 (+ campaign 1m feed via --security, range-start feed)",200,4,2,0,1,1,0,0,0,5,187,165223,102,96.7742,0.0,0.0,0.0,0.0,0.0,0.00048744460856720825,0.0,0.02530674846625767,0.06447831184056271,0.5032411936352714,0.027798397617637437,116.439,215.531
C,all,all,PyneCore 6.9.1 (--security + the probe's --from/--to window),200,104,48,16,16,6,0,0,3,7,0,165223,145806,98.2584,0.0,0.021739130434782608,0.0,0.0,0.0,0.0031095315482835314,0.0,0.8661056172355646,0.04365784608501231,1.0,0.027527678966093795,0.847,127.368
C,all,all,PyneCore 6.9.1 (+ the campaign's native TradingView daily feed under SYMBOL:D/1D),200,42,9,2,7,2,0,0,0,0,138,165223,30415,97.1057,0.0,0.047619047619047616,0.0,0.0,0.0,0.0013780010014395282,0.0,0.6047775891757079,0.0860372618798409,0.4913767226088142,0.045956555875425284,0.578,142.518
C,all,all,PyneCore 6.4.6 (full feed),200,43,49,27,8,19,0,0,54,0,0,165223,707641,90.2838,0.0,0.75,0.0,2.7954225887188893e-06,0.0,0.004547670257093196,0.0007832864143468674,1.0,0.17856395227129998,1.3045656938653962,0.10479208179531559,5.152,24.785
C,all,all,PyneCore 6.4.6 (range-start feed),200,60,45,25,5,11,0,0,54,0,0,165223,146034,90.8744,0.0,0.40106951871657753,0.0,2.771625115498841e-06,3.834790574907437e-07,0.0025172895630189477,0.00013907112810489128,1.0,0.11561104896727449,1.1470605836745495,0.049035896381161834,1.033,4.417
C,lane,eth,PineForge - BEST SUPPORTED CONFIGURATION,20,20,0,0,0,0,0,0,0,0,0,35323,34311,100.0,0.0,0.0,0.0,0.0,0.0,0.0,0.0,0.0,5.301302118060829e-09,1.0702354466075375e-07,1.4101161468519235e-08,4.55,12.59
C,lane,btcusdt,PineForge - BEST SUPPORTED CONFIGURATION,18,18,0,0,0,0,0,0,0,0,0,37389,35307,100.0,0.0,0.0,0.0,0.0,0.0,0.0,0.0,0.0,2.5211405047886056e-09,2.920878785039997e-08,6.68257950155641e-09,5.22,9.4
C,lane,btcusdt-1d,PineForge - BEST SUPPORTED CONFIGURATION,13,13,0,0,0,0,0,0,0,0,0,248,193,100.0,0.0,0.0,0.0,0.0,0.0,0.0,0.0,0.0,2.870214571685792e-08,1.7760994911093595e-07,1.865693995401314e-08,1.72,3.41
C,lane,es1,PineForge - BEST SUPPORTED CONFIGURATION,9,9,0,0,0,0,0,0,0,0,0,10180,10038,99.99,0.0,0.0,0.0,0.0,0.0,0.0,0.0,0.0,0.0,0.0112893642305407,0.0,1.94,3.16
C,lane,es1-1d,PineForge - BEST SUPPORTED CONFIGURATION,8,8,0,0,0,0,0,0,0,0,0,62,59,100.0,0.0,0.0,0.0,0.0,0.0,0.0,0.0,0.0,0.0,0.0,0.0,1.32,3.18
C,lane,nq1,PineForge - BEST SUPPORTED CONFIGURATION,9,9,0,0,0,0,0,0,0,0,0,8387,8380,100.0,0.0,0.0,0.0,0.0,0.0,0.0,0.0,0.0,0.0,0.0,0.0,1.99,10.06
C,lane,nq1-1d,PineForge - BEST SUPPORTED CONFIGURATION,8,8,0,0,0,0,0,0,0,0,0,181,180,100.0,0.0,0.0,0.0,0.0,0.0,0.0,0.0,0.0,0.0,0.0,0.0,2.08,3.36
C,lane,aapl,PineForge - BEST SUPPORTED CONFIGURATION,18,18,0,0,0,0,0,0,0,0,0,6468,5877,100.0,0.0,0.0,0.0,0.0,0.0,0.0,0.0,0.0,0.0,0.00016519968470907878,0.0,2.17,5.43
C,lane,nifty,PineForge - BEST SUPPORTED CONFIGURATION,9,9,0,0,0,0,0,0,0,0,0,1679,1674,100.0,0.0,0.0,0.0,0.0,0.0,0.0,0.0,0.0,0.0,0.0,0.0,2.32,3.3
C,lane,nifty-1d,PineForge - BEST SUPPORTED CONFIGURATION,8,8,0,0,0,0,0,0,0,0,0,58,42,100.0,0.0,0.0,0.0,0.0,0.0,0.0,0.0,0.0,0.0,0.0,0.0,1.67,6.4
C,lane,f,PineForge - BEST SUPPORTED CONFIGURATION,17,17,0,0,0,0,0,0,0,0,0,6237,5411,100.0,0.0,0.0,0.0,0.0,0.0,0.0,0.0,0.0,0.0,0.0007829396701705059,0.0,2.46,3.39
C,lane,f-1d,PineForge - BEST SUPPORTED CONFIGURATION,13,13,0,0,0,0,0,0,0,0,0,70,63,100.0,0.0,0.0,0.0,0.0,0.0,0.0,0.0,0.0,0.0,0.0,0.0,1.66,2.58
C,lane,eurusd,PineForge - BEST SUPPORTED CONFIGURATION,19,17,2,0,0,0,0,0,0,0,0,41566,34956,99.9399,0.0,0.0,0.0,0.0,0.0,0.0,0.0,6.750972894737235e-05,0.00447763982559991,2.0903165735567977,0.0012798485849872263,7.47,52.99
C,lane,xauusd,PineForge - BEST SUPPORTED CONFIGURATION,19,19,0,0,0,0,0,0,0,0,0,17149,16534,100.0,0.0,0.0,0.0,0.0,0.0,0.0,0.0,0.0,1.1520771887653682e-08,1.1867557159260773e-05,1.4231541540536716e-08,5.51,8.0
C,lane,xauusd-1d,PineForge - BEST SUPPORTED CONFIGURATION,12,12,0,0,0,0,0,0,0,0,0,226,202,100.0,0.0,0.0,0.0,0.0,0.0,0.0,0.0,0.0,0.0,0.0,0.0,1.86,4.77
C,lane,eth,PyneCore 6.9.1 - BEST SUPPORTED CONFIGURATION,20,11,7,0,2,0,0,0,0,0,0,35323,174865,99.0279,0.0,0.01293103448275862,0.0,0.0,0.0,9.703171704883047e-09,0.0,0.46501118151323134,0.09255213275953618,0.4649724655409742,0.029475688860984027,13.642,182.94
C,lane,btcusdt,PyneCore 6.9.1 - BEST SUPPORTED CONFIGURATION,18,12,2,0,2,0,0,0,2,0,0,37389,103846,98.2302,0.0,0.035070908394020696,0.0,0.0,0.0,0.003010748414492094,0.0,0.5683669116913774,0.003536540631032051,1.6250778186036798,0.003518926681491644,8.073,31.569
C,lane,btcusdt-1d,PyneCore 6.9.1 - BEST SUPPORTED CONFIGURATION,13,7,2,3,1,0,0,0,0,0,0,248,381,75.5435,0.0,0.0,0.0,0.0,0.0,3.075980862323675e-05,0.0,1.243221074289728,0.29052789966337,1.243221074289728,0.10229878473661864,0.535,140.46
C,lane,es1,PyneCore 6.9.1 - BEST SUPPORTED CONFIGURATION,9,8,1,0,0,0,0,0,0,0,0,10180,44131,99.9303,0.0,0.0,0.0,0.0,0.0,0.0,0.0,0.0,0.1769825918762089,0.6400966183574879,0.06553585196607556,4.558,85.966
C,lane,es1-1d,PyneCore 6.9.1 - BEST SUPPORTED CONFIGURATION,8,1,3,1,0,3,0,0,0,0,0,62,144,94.8276,0.0,0.0,0.0,0.0,0.0,0.0,0.2999999999999998,0.7000000000000002,0.11784975878704342,2.370149253731343,0.37761040739472784,0.59,57.614
C,lane,nq1,PyneCore 6.9.1 - BEST SUPPORTED CONFIGURATION,9,8,0,0,0,1,0,0,0,0,0,8387,36106,99.0093,0.0,0.0,0.0,0.0,0.0,0.0,0.0,0.0,0.03676946838722535,0.1816611984113279,0.0319217959254293,3.832,137.105
C,lane,nq1-1d,PyneCore 6.9.1 - BEST SUPPORTED CONFIGURATION,8,3,2,3,0,0,0,0,0,0,0,181,681,100.0,0.0,0.0,0.0,0.0,0.0,0.0,0.8646012931034482,1.0,1.0,1.0,0.8646012931034482,0.491,58.845
C,lane,aapl,PyneCore 6.9.1 - BEST SUPPORTED CONFIGURATION,18,9,4,1,4,0,0,0,0,0,0,6468,20541,92.9717,0.0,0.1111111111111111,0.0,0.0,0.0,0.004515186067068665,0.0,0.75,0.004260780226325138,0.7607564844254092,0.009768100347321581,2.184,116.878
C,lane,nifty,PyneCore 6.9.1 - BEST SUPPORTED CONFIGURATION,9,8,0,1,0,0,0,0,0,0,0,1679,7655,99.7609,0.0,0.0,0.0,0.0,0.0,0.0,0.0,0.0,0.035377711293941794,0.18080724876441512,0.022818640851638643,1.674,106.462
C,lane,nifty-1d,PyneCore 6.9.1 - BEST SUPPORTED CONFIGURATION,8,3,2,2,1,0,0,0,0,0,0,58,103,100.0,0.0,0.0,0.0,0.0,0.0,0.0,0.7000000000000002,1.0,0.8792683759128239,1.0,0.8792683759128239,0.316,45.18
C,lane,f,PyneCore 6.9.1 - BEST SUPPORTED CONFIGURATION,17,13,1,0,2,1,0,0,0,0,0,6237,19489,93.5406,0.0,0.02857142857142857,0.0,0.0,0.0,0.0,0.0,0.18313558860883136,0.03981166788382681,0.4562771861406926,0.027160493827160723,1.715,117.556
C,lane,f-1d,PyneCore 6.9.1 - BEST SUPPORTED CONFIGURATION,13,5,3,3,2,0,0,0,0,0,0,70,173,95.5556,0.0,0.0,0.0,0.0,0.0,0.016993993364541535,0.2713136908499233,1.0,0.24682187863252736,1.0,0.2256596906278435,0.343,118.626
C,lane,eurusd,PyneCore 6.9.1 - BEST SUPPORTED CONFIGURATION,19,8,6,1,0,0,0,0,4,0,0,41566,107438,99.916,0.0,0.029239766081871343,0.0,0.0,0.0,2.0667091522231653e-09,0.0,0.24114918876300195,0.2736903207081701,6.293617021276595,0.023270000000000055,5.244,12.225
C,lane,xauusd,PyneCore 6.9.1 - BEST SUPPORTED CONFIGURATION,19,10,6,0,1,1,0,0,1,0,0,17149,70179,94.8508,0.0,0.012598425196850394,0.0,0.0,0.0,1.1736984594889847e-05,0.0,0.0,0.00759937820223622,0.28686231469696694,0.0070111777027033525,4.391,23.705
C,lane,xauusd-1d,PyneCore 6.9.1 - BEST SUPPORTED CONFIGURATION,12,8,3,0,0,0,0,0,1,0,0,226,704,100.0,0.0,0.0,0.0,0.0,0.0,7.470476835674186e-07,0.0,0.8028540786888836,0.02779839761763731,0.1880052210950559,0.021542752333912674,0.267,109.933
C,lane,eth,PyneCore 6.4.6 - BEST SUPPORTED CONFIGURATION,20,4,6,0,3,1,0,0,6,0,0,35323,147638,98.7667,5.044645109216567e-05,0.3836065573770492,0.0,0.0,0.0,0.012155447575539356,0.0,1.0063601299836265,0.25619500426676084,1.222810927545095,0.1455751201857628,13.741,25.042
C,lane,btcusdt,PyneCore 6.4.6 - BEST SUPPORTED CONFIGURATION,18,2,7,1,1,1,0,0,6,0,0,37389,130354,87.8252,0.0030349013657056147,0.4594594594594595,3.419103085944541e-06,3.517309797828559e-06,3.5487049496544122e-06,0.004547670257093196,0.0025873221216040844,0.28962591572676827,0.04103527901085262,0.29119466707036024,0.04445683998893306,15.133,23.415
C,lane,btcusdt-1d,PyneCore 6.4.6 - BEST SUPPORTED CONFIGURATION,13,3,1,6,0,0,0,0,3,0,0,248,177,100.0,0.0,0.0,2.5223831735597986e-06,3.220545532230489e-06,3.220545532230489e-06,0.17612826201359588,0.3340751532549012,1.2090884883453554,1.0,1.5508808726758792,0.4077584015356008,0.534,2.648
C,lane,es1,PyneCore 6.4.6 - BEST SUPPORTED CONFIGURATION,9,7,0,0,0,1,0,0,1,0,0,10180,40949,93.3469,0.0,0.0,0.0,0.0,0.0,0.0,0.0,0.0,0.1769825918762089,0.3640256959314775,0.06232347957070231,9.016,17.959
C,lane,es1-1d,PyneCore 6.4.6 - BEST SUPPORTED CONFIGURATION,8,0,3,0,0,2,0,0,3,0,0,62,89,95.7447,0.0,0.0,0.0,0.0,0.0,0.0004464860687760276,0.015545742753623241,0.7000000000000002,1.5166204986149585,2.370149253731343,1.332214765100671,0.471,1.117
C,lane,nq1,PyneCore 6.4.6 - BEST SUPPORTED CONFIGURATION,9,5,1,0,0,0,0,0,3,0,0,8387,34980,99.6854,0.0,0.0,0.0,0.0,0.0,0.0,0.0,0.0,0.02796084512502423,0.057009587976159626,0.024362438777233576,6.694,11.955
C,lane,nq1-1d,PyneCore 6.4.6 - BEST SUPPORTED CONFIGURATION,8,3,1,3,0,0,0,0,1,0,0,181,656,100.0,0.0,0.0,0.0,0.0,9.562414357183023e-07,1.7962479971573444e-06,0.8646012931034482,1.0,0.8646012931034482,1.0,0.8646012931034482,0.539,1.32
C,lane,aapl,PyneCore 6.4.6 - BEST SUPPORTED CONFIGURATION,18,6,2,2,0,0,0,0,8,0,0,6468,18015,99.9159,0.0,0.2868217054263566,0.0,0.0,0.0,0.005256889084864703,0.0,0.9419518558311123,0.0034674855491334117,0.4410319015265434,0.0004254754839405127,1.74,6.913
C,lane,nifty,PyneCore 6.4.6 - BEST SUPPORTED CONFIGURATION,9,5,1,1,0,0,0,0,2,0,0,1679,4868,99.814,0.0,0.05405405405405406,2.0523063411261226e-06,2.0594749847846263e-06,2.0495398635233112e-06,1.5933165271116316e-05,0.0013099124498624046,0.02915824763429486,0.035153328347045626,0.0929827952832012,0.017024166677305223,3.347,58.716
C,lane,nifty-1d,PyneCore 6.4.6 - BEST SUPPORTED CONFIGURATION,8,2,2,2,0,0,0,0,2,0,0,58,65,100.0,0.0,0.0,1.5582968594247907e-06,2.021950292344589e-06,2.0671898306141883e-06,2.083541687471764e-06,0.7000251741210037,1.0,0.8792911254180221,1.0,0.8792911254180221,0.231,0.282
C,lane,f,PyneCore 6.4.6 - BEST SUPPORTED CONFIGURATION,17,9,3,1,0,0,0,0,4,0,0,6237,15617,99.6647,0.0,0.044009779951100246,0.0,0.0,0.0,0.0008116294603434126,0.0,0.111747179099994,0.038709677419354875,0.48751681865749585,0.02419354838709692,1.303,5.208
C,lane,f-1d,PyneCore 6.4.6 - BEST SUPPORTED CONFIGURATION,13,4,2,3,0,0,0,0,4,0,0,70,107,100.0,0.0,0.0,0.0,0.0,0.0,0.00011826332521457829,0.22877686207432746,1.0,0.2256596906278435,1.0,0.2256596906278435,0.499,0.848
C,lane,eurusd,PyneCore 6.4.6 - BEST SUPPORTED CONFIGURATION,19,4,3,4,1,3,0,0,4,0,0,41566,107917,78.7705,0.048484848484848485,1.0,0.0,0.0,0.0,0.0022031171958484985,0.0,0.953961127774577,0.5803362795612544,3.7576083254535493,0.03874000000000036,7.776,15.75
C,lane,xauusd,PyneCore 6.4.6 - BEST SUPPORTED CONFIGURATION,19,0,12,0,0,3,0,0,4,0,0,17149,63308,94.6637,0.0031746031746031746,1.0,1.4971628770162488e-06,1.5005895008937387e-06,1.4981197122236845e-06,0.0007812053860341284,0.0007832864143468674,0.46236559139784944,0.17905829034107182,0.46236559139784944,0.17169522959096145,6.266,11.152
C,lane,xauusd-1d,PyneCore 6.4.6 - BEST SUPPORTED CONFIGURATION,12,6,2,1,0,0,0,0,3,0,0,226,581,100.0,0.0,0.0,1.4888099588500132e-06,1.496157112510495e-06,1.496157112510495e-06,0.0014508731113636996,0.00014106361969255348,0.9,0.08380578767767446,0.5299545032616285,0.06767989384192485,0.47,0.782
C,lane,eth,"PineForge (full feed, tape-window)",20,17,2,1,0,0,0,0,0,0,0,35323,34251,99.9212,0.0,0.0051635111876075735,0.0,0.0,0.0,0.0,0.0,0.0,1.6739761420571353e-08,0.002501289597768187,1.7928956203188335e-08,0.35,0.652
C,lane,btcusdt,"PineForge (full feed, tape-window)",18,13,3,0,0,0,0,0,2,0,0,37389,35215,99.9687,0.0,0.0018975332068311196,0.0,0.0,0.0,0.0,0.0,0.0,2.5211405047886056e-09,0.0014393398067556649,1.4062325465425217e-08,0.309,0.517
C,lane,btcusdt-1d,"PineForge (full feed, tape-window)",13,5,2,4,0,0,0,0,2,0,0,248,145,99.2754,0.0,0.0,0.0,0.0,6.78526590298721e-05,0.022923082021100234,0.0,0.3347423591587231,0.003766129064035062,1.5282747400135632,0.0035933941781502244,0.113,0.141
C,lane,es1,"PineForge (full feed, tape-window)",9,7,1,0,0,1,0,0,0,0,0,10180,9388,93.4224,0.0,0.006153846153846154,0.0,0.0,0.0,0.0,0.0,0.0,0.0,0.022697795071335927,0.0,0.245,0.667
C,lane,es1-1d,"PineForge (full feed, tape-window)",8,4,1,0,0,2,0,0,1,0,0,62,57,96.5517,0.0,0.0,0.0,0.0,0.0,0.0,0.0,0.0,0.0,0.7451523545706371,0.0,0.116,0.145
C,lane,nq1,"PineForge (full feed, tape-window)",9,7,1,0,1,0,0,0,0,0,0,8387,8388,99.2476,0.0,0.009456264775413711,0.0,0.0,0.0,0.0,0.0,0.0,0.0,0.0005103993875207349,0.0,0.279,1.172
C,lane,nq1-1d,"PineForge (full feed, tape-window)",8,4,0,2,0,1,0,0,1,0,0,181,176,98.3051,0.0,0.0,0.0,0.0,0.0,0.0,0.0,0.0,0.0,0.00010672358591248666,0.0,0.112,0.134
C,lane,aapl,"PineForge (full feed, tape-window)",18,14,2,0,1,1,0,0,0,0,0,6468,5852,98.28,0.0,0.009098428453267164,0.0,0.0,0.0,0.0,0.0,0.00016661983350992724,0.00016519968470907878,0.1592674273659988,3.898430172683831e-05,0.156,0.264
C,lane,nifty,"PineForge (full feed, tape-window)",9,9,0,0,0,0,0,0,0,0,0,1679,1674,100.0,0.0,0.0,0.0,0.0,0.0,0.0,0.0,0.0,0.0,0.0,0.0,0.17,0.28
C,lane,nifty-1d,"PineForge (full feed, tape-window)",8,7,0,0,0,0,0,0,1,0,0,58,18,100.0,0.0,0.0,0.0,0.0,0.0,0.0,0.0,0.0,0.0,0.0,0.0,0.111,0.12
C,lane,f,"PineForge (full feed, tape-window)",17,14,3,0,0,0,0,0,0,0,0,6237,5419,99.6672,0.0,0.0012787723785166241,0.0,0.0,0.0,5.52496204695019e-08,0.0,0.0,0.004344737658373209,0.12017945285958197,0.00501074800952075,0.153,0.225
C,lane,f-1d,"PineForge (full feed, tape-window)",13,10,1,0,0,0,0,0,2,0,0,70,46,100.0,0.0,0.0,0.0,0.0,0.0,0.0,0.0,0.007079646017699125,0.0,0.02034105855140816,0.0,0.108,0.153
C,lane,eurusd,"PineForge (full feed, tape-window)",19,10,8,0,0,0,0,0,1,0,0,41566,34961,99.6823,0.0,0.0005452562704471102,0.0,0.0,0.0,3.493544077458308e-09,0.0,0.0016233213633051746,0.07700612120134995,2.0903165735567977,0.01391607435205553,0.371,1.323
C,lane,xauusd,"PineForge (full feed, tape-window)",19,12,3,0,1,2,0,0,1,0,0,17149,15852,96.0403,0.0,0.028481012658227847,0.0,0.0,0.0,0.0,0.0,0.0,1.1520771887653682e-08,0.016602544575239273,1.4231541540536716e-08,0.284,0.71
C,lane,xauusd-1d,"PineForge (full feed, tape-window)",12,7,2,1,0,0,0,0,2,0,0,226,187,98.3871,0.0,0.0,0.0,0.0,0.0,0.0014507866739780783,0.0,0.01141631475553409,0.0,0.011773499342851023,0.0,0.101,0.169
C,lane,eth,PineForge (range-start feed),20,15,4,1,0,0,0,0,0,0,0,35323,34216,99.9123,0.0,0.0036496350364963502,0.0,0.0,0.0,0.0,0.0,0.0,1.7405413248925172e-05,0.012718988572370502,0.00015093519691388048,0.244,0.323
C,lane,btcusdt,PineForge (range-start feed),18,15,1,0,0,0,0,0,2,0,0,37389,35209,99.9801,0.0,0.0,0.0,0.0,0.0,0.0,0.0,0.0,1.7244463293545768e-09,2.920878785039997e-08,5.1885965454786885e-09,0.25,0.41
C,lane,btcusdt-1d,PineForge (range-start feed),13,9,0,2,0,0,0,0,2,0,0,248,144,98.5714,0.0,0.0,0.0,0.0,0.0,2.2855987024344056e-05,0.0,0.03733640342020295,3.788319861902275e-08,0.11188689209410735,3.018666391950829e-08,0.103,0.141
C,lane,es1,PineForge (range-start feed),9,8,0,0,0,1,0,0,0,0,0,10180,9386,93.4947,0.0,0.0,0.0,0.0,0.0,0.0,0.0,0.0,0.0,0.0,0.0,0.18,0.268
C,lane,es1-1d,PineForge (range-start feed),8,5,0,0,0,2,0,0,1,0,0,62,57,96.5517,0.0,0.0,0.0,0.0,0.0,0.0,0.0,0.0,0.0,0.0,0.0,0.121,0.153
C,lane,nq1,PineForge (range-start feed),9,8,0,0,1,0,0,0,0,0,0,8387,8386,99.3197,0.0,0.0,0.0,0.0,0.0,0.0,0.0,0.0,0.0,0.0,0.0,0.204,0.404
C,lane,nq1-1d,PineForge (range-start feed),8,6,0,1,0,0,0,0,1,0,0,181,178,100.0,0.0,0.0,0.0,0.0,0.0,0.0,0.0,0.0,0.0,0.0,0.0,0.109,0.133
C,lane,aapl,PineForge (range-start feed),18,13,3,1,1,0,0,0,0,0,0,6468,5834,98.4471,0.0,0.0009940357852882703,0.0,0.0,0.0,1.0424158020751717e-06,0.0,0.0001683217477654423,0.00016519968470907878,0.029208597871887527,3.898430172683831e-05,0.123,0.171
C,lane,nifty,PineForge (range-start feed),9,9,0,0,0,0,0,0,0,0,0,1679,1673,100.0,0.0,0.0,0.0,0.0,0.0,0.0,0.0,0.0,0.0,0.0,0.0,0.132,0.151
C,lane,nifty-1d,PineForge (range-start feed),8,7,0,0,0,0,0,0,1,0,0,58,18,100.0,0.0,0.0,0.0,0.0,0.0,0.0,0.0,0.0,0.0,0.0,0.0,0.103,0.115
C,lane,f,PineForge (range-start feed),17,17,0,0,0,0,0,0,0,0,0,6237,5410,99.9815,0.0,0.0,0.0,0.0,0.0,0.0,0.0,0.0,0.0,0.0007798407080750751,0.0,0.128,0.163
C,lane,f-1d,PineForge (range-start feed),13,11,0,0,0,0,0,0,2,0,0,70,46,100.0,0.0,0.0,0.0,0.0,0.0,0.0,0.0,0.0,0.0,0.0,0.0,0.109,0.137
C,lane,eurusd,PineForge (range-start feed),19,10,8,0,0,0,0,0,1,0,0,41566,34793,99.8305,0.0,0.0017311021350259665,0.0,0.0,0.0,2.4247611435766577e-09,0.0,6.750972894737235e-05,0.04560924922977016,1.9664902998236335,0.015002128475448236,0.239,0.443
C,lane,xauusd,PineForge (range-start feed),19,14,3,0,0,1,0,0,1,0,0,17149,15854,96.0349,0.0,0.0026595744680851063,0.0,0.0,0.0,0.0,0.0,0.0,1.1520771887653682e-08,0.009815836626843,1.4231541540536716e-08,0.2,0.259
C,lane,xauusd-1d,PineForge (range-start feed),12,9,0,0,1,0,0,0,2,0,0,226,186,98.9247,0.0,0.0,0.0,0.0,0.0,0.0,0.0,0.0,0.0,1.0518275801891648e-08,0.0,0.119,0.143
C,lane,eth,"PyneCore 6.9.1 (full feed, --security supplied)",20,6,9,2,1,0,0,0,0,2,0,35323,196238,99.7592,0.0,0.021514629948364887,0.0,0.0,0.0,9.703171704883047e-09,0.15922971409655082,0.7591175523998446,0.11832470357547725,0.7591287933802636,0.15904531533382427,7.344,172.857
C,lane,btcusdt,"PyneCore 6.9.1 (full feed, --security supplied)",18,6,7,0,1,2,0,0,2,0,0,37389,155629,87.0757,0.0,0.7349397590361446,0.0,0.0,0.0,0.0011247633008942789,0.0,0.3023421023184335,0.004149648568028742,1.6250778186036798,0.0041564172935153795,8.108,22.1
C,lane,btcusdt-1d,"PyneCore 6.9.1 (full feed, --security supplied)",13,0,2,8,1,0,0,0,2,0,0,248,556,64.0625,0.0,0.1,0.0,0.0,1.0909344154092721e-06,0.022923082021100234,1.0,2.074170142700223,1.0,3.029447086588276,1.0,0.289,0.772
C,lane,es1,"PyneCore 6.9.1 (full feed, --security supplied)",9,6,2,1,0,0,0,0,0,0,0,10180,46073,99.8605,0.0,0.006153846153846154,0.0,0.0,0.0,0.0,0.0,0.5,0.35781452658884566,0.7845844840572432,0.15847238333184616,3.486,378.786
C,lane,es1-1d,"PyneCore 6.9.1 (full feed, --security supplied)",8,0,3,2,0,2,0,0,1,0,0,62,280,96.4912,0.0,0.0,0.0,0.0,0.0,0.0071773940345368934,0.2999999999999998,0.9083412322274882,0.7451523545706371,3.964179104477612,0.5052099778970635,0.258,4.136
C,lane,nq1,"PyneCore 6.9.1 (full feed, --security supplied)",9,7,1,0,0,1,0,0,0,0,0,8387,38324,98.913,0.0,0.009456264775413711,0.0,0.0,0.0,0.0,0.0,0.0,0.03676946838722535,0.1816611984113279,0.0319217959254293,3.091,558.184
C,lane,nq1-1d,"PyneCore 6.9.1 (full feed, --security supplied)",8,2,0,0,0,4,0,0,2,0,0,181,650,97.1014,0.0,0.75,0.0,0.0,0.0,0.0,0.0,0.0,0.0,0.1397144603077607,0.0,0.262,0.698
C,lane,aapl,"PyneCore 6.9.1 (full feed, --security supplied)",18,6,7,0,4,0,0,0,1,0,0,6468,26417,92.2471,0.0,0.09523809523809523,0.0,0.0,0.0,0.0046767527334972995,0.16666214944475802,1.3643084661121516,0.1782103134479271,0.9294746385455931,0.10074910868084781,1.369,127.056
C,lane,nifty,"PyneCore 6.9.1 (full feed, --security supplied)",9,7,0,2,0,0,0,0,0,0,0,1679,7809,99.701,0.0,0.021739130434782608,0.0,0.0,0.0,9.315774321528278e-05,0.0,0.5393784178731226,0.035377711293941794,0.20943501961383673,0.022818640851638643,1.295,102.802
C,lane,nifty-1d,"PyneCore 6.9.1 (full feed, --security supplied)",8,1,3,1,1,1,0,0,1,0,0,58,84,93.3333,0.0,0.0,0.0,0.0,0.0,0.0,0.22499999999999998,0.8,0.22499999999999998,0.9017190339594398,0.22499999999999998,0.274,3.879
C,lane,f,"PyneCore 6.9.1 (full feed, --security supplied)",17,8,5,1,2,1,0,0,0,0,0,6237,23941,92.9961,0.0,0.03201024327784891,0.0,0.0,0.0,4.5700954487543026e-05,0.0,0.9742027294404048,0.16923076923076924,8.99327505043714,0.15362318840579714,1.352,112.449
C,lane,f-1d,"PyneCore 6.9.1 (full feed, --security supplied)",13,3,3,2,2,1,0,0,2,0,0,70,185,82.5,0.0,0.0,0.0,0.0,0.0,4.275838136655747e-05,0.2713136908499233,1.0,0.896195707862572,1.0,0.26470588235294124,0.297,3.876
C,lane,eurusd,"PyneCore 6.9.1 (full feed, --security supplied)",19,6,8,1,0,0,0,0,4,0,0,41566,140764,99.8959,7.510326699211416e-05,0.029239766081871343,0.0,0.0,0.0,2.0667091522231653e-09,0.0,0.3967088103642832,0.28887549203872476,6.293617021276595,0.02785999999999996,4.369,10.063
C,lane,xauusd,"PyneCore 6.9.1 (full feed, --security supplied)",19,4,10,1,1,1,0,0,2,0,0,17149,73426,94.7895,0.0002467308166790032,0.015822784810126583,0.0,0.0,0.0,2.7178672561316e-05,0.0,0.7581919265248884,0.045435133565943794,1.253357734107195,0.02293514192943884,4.686,9.819
C,lane,xauusd-1d,"PyneCore 6.9.1 (full feed, --security supplied)",12,6,2,1,1,0,0,0,2,0,0,226,896,98.3696,0.0,0.0,0.0,0.0,0.0,0.0014507866739780783,0.0,0.8028540786888836,0.06766753071207518,0.8605122082543252,0.03740637613589766,0.261,0.352
C,lane,eth,PyneCore 6.9.1 (full feed),20,6,8,2,0,0,0,0,2,2,0,35323,193813,99.8382,0.0,0.021514629948364887,0.0,0.0,0.0,0.0005308550104150902,0.15922971409655082,1.00167155801004,0.23464756379033042,0.9978815201710485,0.15904531533382427,12.781,181.169
C,lane,btcusdt,PyneCore 6.9.1 (full feed),18,6,7,0,0,2,0,0,3,0,0,37389,155490,87.2618,0.0,0.5735745988391943,0.0,0.0,0.0,0.00027842810471807937,0.0,0.2893602528109288,0.004149648568028742,0.28930756697429827,0.0041564172935153795,11.276,31.569
C,lane,btcusdt-1d,PyneCore 6.9.1 (full feed),13,0,2,8,1,0,0,0,2,0,0,248,556,64.0625,0.0,0.1,0.0,0.0,1.0909344154092721e-06,0.022923082021100234,1.0,2.074170142700223,1.0,3.029447086588276,1.0,0.609,1.111
C,lane,es1,PyneCore 6.9.1 (full feed),9,6,2,1,0,0,0,0,0,0,0,10180,46073,99.8605,0.0,0.006153846153846154,0.0,0.0,0.0,0.0,0.0,0.5,0.35781452658884566,0.7845844840572432,0.15847238333184616,4.558,411.413
C,lane,es1-1d,PyneCore 6.9.1 (full feed),8,0,3,1,0,2,0,0,2,0,0,62,271,96.3636,0.0,0.0,0.0,0.0,0.0,0.0010329772263088476,0.0011775362318840747,0.2999999999999998,1.021059349074665,3.964179104477612,0.6888604353393086,0.416,0.59
C,lane,nq1,PyneCore 6.9.1 (full feed),9,6,1,0,0,0,0,0,1,1,0,8387,37621,99.9017,0.0,0.0,0.0,0.0,0.0,0.0,0.0,0.0,0.03676946838722535,0.12486727543002761,0.0319217959254293,3.786,7.064
C,lane,nq1-1d,PyneCore 6.9.1 (full feed),8,2,0,0,0,4,0,0,2,0,0,181,650,97.1014,0.0,0.75,0.0,0.0,0.0,0.0,0.0,0.0,0.0,0.1397144603077607,0.0,0.32,0.789
C,lane,aapl,PyneCore 6.9.1 (full feed),18,6,7,0,3,0,0,0,2,0,0,6468,26012,92.4322,0.0,0.09523809523809523,0.0,0.0030681774930962032,0.0,0.0046767527334972995,0.16666214944475802,1.3643084661121516,0.18903952644643876,2.221855880234542,0.10074910868084781,2.358,141.207
C,lane,nifty,PyneCore 6.9.1 (full feed),9,7,0,2,0,0,0,0,0,0,0,1679,7809,99.701,0.0,0.021739130434782608,0.0,0.0,0.0,9.315774321528278e-05,0.0,0.5393784178731226,0.035377711293941794,0.20943501961383673,0.022818640851638643,1.674,106.462
C,lane,nifty-1d,PyneCore 6.9.1 (full feed),8,1,3,1,0,1,0,0,2,0,0,58,70,92.8571,0.0,0.0,0.0,0.0,0.0,0.0,0.22499999999999998,0.8,0.8792683759128239,1.0,0.8792683759128239,0.286,0.316
C,lane,f,PyneCore 6.9.1 (full feed),17,8,5,1,2,0,0,0,1,0,0,6237,23932,93.0133,0.0,0.03201024327784891,0.0,0.0025152823481373416,0.0,0.003852139069627709,0.051414221517314375,1.1345320791573075,0.16923076923076924,8.99327505043714,0.15362318840579714,1.84,112.913
C,lane,f-1d,PyneCore 6.9.1 (full feed),13,3,2,2,2,0,0,0,4,0,0,70,154,100.0,0.0,0.0,0.0,0.0,0.0,4.275838136655747e-05,0.2713136908499233,1.0,0.896195707862572,1.0,0.26470588235294124,0.339,0.357
C,lane,eurusd,PyneCore 6.9.1 (full feed),19,6,8,1,0,0,0,0,4,0,0,41566,140764,99.8959,7.510326699211416e-05,0.029239766081871343,0.0,0.0,0.0,2.0667091522231653e-09,0.0,0.3967088103642832,0.28887549203872476,6.293617021276595,0.02785999999999996,6.016,12.225
C,lane,xauusd,PyneCore 6.9.1 (full feed),19,4,10,1,1,1,0,0,2,0,0,17149,73426,94.7895,0.0002467308166790032,0.015822784810126583,0.0,0.0,0.0,2.7178672561316e-05,0.0,0.7581919265248884,0.045435133565943794,1.253357734107195,0.02293514192943884,5.516,10.437
C,lane,xauusd-1d,PyneCore 6.9.1 (full feed),12,6,2,1,1,0,0,0,2,0,0,226,896,98.3696,0.0,0.0,0.0,0.0,0.0,0.0014507866739780783,0.0,0.8028540786888836,0.06766753071207518,0.8605122082543252,0.03740637613589766,0.267,0.365
C,lane,eth,PyneCore 6.9.1 (range-start feed),20,10,7,0,1,0,0,0,2,0,0,35323,34267,99.0895,0.0,0.007042253521126761,0.0,0.0,0.0,1.554900007460138e-10,0.0,0.02422706915535381,0.020080749789056804,0.25619565617385115,0.02156302657307376,2.665,121.46
C,lane,btcusdt,PyneCore 6.9.1 (range-start feed),18,12,2,0,1,0,0,0,3,0,0,37389,35428,98.4429,0.0,0.014423076923076924,0.0,0.0,0.0,0.0011247633008942789,0.0,0.3023421023184335,0.0025189155706988996,0.15791555309507854,0.0024015289398111915,3.107,8.137
C,lane,btcusdt-1d,PyneCore 6.9.1 (range-start feed),13,5,2,3,1,0,0,0,2,0,0,248,104,66.1654,0.0,0.0,0.0,0.0,0.0,0.0,0.20984091305358277,1.0,0.24396683833380656,1.0,0.14265814490876289,0.491,1.249
C,lane,es1,PyneCore 6.9.1 (range-start feed),9,8,0,0,1,0,0,0,0,0,0,10180,9661,99.9793,0.0,0.0,0.0,0.0,0.0,0.0,0.0,0.0,0.1457507705856451,0.3640256959314775,0.0376078914919852,1.289,85.966
C,lane,es1-1d,PyneCore 6.9.1 (range-start feed),8,1,3,0,0,2,0,0,2,0,0,62,56,96.4286,0.0,0.0,0.0,0.0,0.0,0.0,0.0,0.2999999999999998,2.370149253731343,34.2,0.5052099778970635,0.412,0.641
C,lane,nq1,PyneCore 6.9.1 (range-start feed),9,8,0,0,0,0,0,0,1,0,0,8387,8301,100.0,0.0,0.0,0.0,0.0,0.0,0.0,0.0,0.0,0.03676946838722535,0.1816611984113279,0.0319217959254293,1.163,137.105
C,lane,nq1-1d,PyneCore 6.9.1 (range-start feed),8,2,1,3,0,0,0,0,2,0,0,181,139,100.0,0.0,0.0,0.0,0.0,0.0,0.0,0.8646012931034482,1.0,0.8646012931034482,1.0,0.8646012931034482,0.283,0.755
C,lane,aapl,PyneCore 6.9.1 (range-start feed),18,9,4,0,3,0,0,0,2,0,0,6468,5514,92.9543,0.0,0.021739130434782608,0.0,0.0030895983522142164,0.0,0.002918624783576569,0.0,0.75,0.004263639070875441,2.1754122139134267,0.007435968052878373,0.933,31.013
C,lane,nifty,PyneCore 6.9.1 (range-start feed),9,8,0,1,0,0,0,0,0,0,0,1679,1672,99.7611,0.0,0.0,0.0,0.0,0.0,0.0,0.0,0.0,0.035377711293941794,0.18080724876441512,0.022818640851638643,0.682,23.052
C,lane,nifty-1d,PyneCore 6.9.1 (range-start feed),8,2,2,2,0,0,0,0,2,0,0,58,15,100.0,0.0,0.0,0.0,0.0,0.0,0.0,0.7000000000000002,1.0,0.8792683759128239,1.0,0.8792683759128239,0.299,0.341
C,lane,f,PyneCore 6.9.1 (range-start feed),17,13,1,0,2,0,0,0,1,0,0,6237,5155,93.5639,0.0,0.02857142857142857,0.0,0.002846299810246619,0.0,0.003852139069627709,0.0,0.6846808584677908,0.06382978723404252,0.4630541871921185,0.020161290322580693,0.685,24.193
C,lane,f-1d,PyneCore 6.9.1 (range-start feed),13,4,2,3,0,0,0,0,4,0,0,70,35,100.0,0.0,0.0,0.0,0.0,0.0,0.0,0.1324515026194604,1.0,0.24682187863252736,1.0,0.2256596906278435,0.324,0.379
C,lane,eurusd,PyneCore 6.9.1 (range-start feed),19,8,6,1,0,0,0,0,4,0,0,41566,29682,99.8854,0.0,0.029585798816568046,0.0,0.0,0.0,1.707137670261471e-09,0.0,0.03340672272965038,0.189912651451113,4.465671641791045,0.015369999999999967,1.634,3.342
C,lane,xauusd,PyneCore 6.9.1 (range-start feed),19,9,6,0,1,1,0,0,2,0,0,17149,15975,94.7962,0.0,0.012598425196850394,0.0,0.0,0.0,6.1444233420939565e-06,0.0,0.0,0.010450331594607967,0.19963096560794377,0.007336911269432932,1.407,2.474
C,lane,xauusd-1d,PyneCore 6.9.1 (range-start feed),12,8,2,0,0,0,0,0,2,0,0,226,187,100.0,0.0,0.0,0.0,0.0,0.0,0.0,0.0,0.8,0.014052634644942497,0.24886329190663828,0.013151824731805161,0.25,0.343
C,lane,eth,PyneCore 6.9.1 (--security + the probe's --from/--to window),20,9,8,0,1,0,0,0,0,2,0,35323,33546,99.7676,0.0,0.007042253521126761,0.0,0.0,0.0,0.0,0.0,0.0285063005950705,0.0011247742340178921,0.031876256682377264,0.001111633673949254,1.525,169.407
C,lane,btcusdt,PyneCore 6.9.1 (--security + the probe's --from/--to window),18,11,3,0,2,0,0,0,0,2,0,37389,35496,98.212,0.0,0.08,0.0,0.0,0.0,0.0031095315482835314,0.0,0.5760039670317592,0.006281621864352468,1.626397533635555,0.004898370713752415,1.902,6.519
C,lane,btcusdt-1d,PyneCore 6.9.1 (--security + the probe's --from/--to window),13,7,0,5,1,0,0,0,0,0,0,248,157,75.5435,0.0,0.0,0.0,0.0,4.3731131971813144e-09,0.024089643087093302,0.0,1.0,0.24396683833380656,1.0,0.09535724565593931,0.227,127.368
C,lane,es1,PyneCore 6.9.1 (--security + the probe's --from/--to window),9,7,1,0,1,0,0,0,0,0,0,10180,9661,99.9482,0.0,0.0010548523206751054,0.0,0.0,0.0,0.0,0.0,0.0,0.1457507705856451,0.9782608695652174,0.06232347957070231,0.847,357.571
C,lane,es1-1d,PyneCore 6.9.1 (--security + the probe's --from/--to window),8,1,3,1,0,3,0,0,0,0,0,62,59,94.9153,0.0,0.0,0.0,0.0,0.00039267015706806317,0.0013743455497382201,0.20000000000000018,0.7000000000000002,1.021059349074665,34.2,0.37761040739472784,0.221,51.922
C,lane,nq1,PyneCore 6.9.1 (--security + the probe's --from/--to window),9,8,0,0,0,1,0,0,0,0,0,8387,8304,98.9728,0.0,0.0,0.0,0.0,0.0,0.0,0.0,0.0,0.15081652257444764,0.1816611984113279,0.06098550724637681,0.927,440.887
C,lane,nq1-1d,PyneCore 6.9.1 (--security + the probe's --from/--to window),8,3,2,3,0,0,0,0,0,0,0,181,180,100.0,0.0,0.0,0.0,0.0,0.0045851820685434514,0.00861302461762302,0.8646012931034482,1.0,1.0,1.0,0.8646012931034482,0.426,52.403
C,lane,aapl,PyneCore 6.9.1 (--security + the probe's --from/--to window),18,9,4,0,5,0,0,0,0,0,0,6468,5640,92.6065,0.0,0.13636363636363635,0.0,0.0,0.0,0.004515186067068665,0.0,0.75,0.004263639070875441,0.3761229355554935,0.0035686191425725704,0.48,105.068
C,lane,nifty,PyneCore 6.9.1 (--security + the probe's --from/--to window),9,8,0,1,0,0,0,0,0,0,0,1679,1672,99.7611,0.0,0.0,0.0,0.0,0.0,0.0,0.0,0.0,0.035377711293941794,0.18080724876441512,0.022818640851638643,0.452,103.149
C,lane,nifty-1d,PyneCore 6.9.1 (--security + the probe's --from/--to window),8,3,2,2,1,0,0,0,0,0,0,58,41,100.0,0.0,0.0,0.0,0.0,0.0,0.0,0.7000000000000002,1.0,0.8792683759128239,1.0,0.8792683759128239,0.24,39.247
C,lane,f,PyneCore 6.9.1 (--security + the probe's --from/--to window),17,10,4,0,2,1,0,0,0,0,0,6237,5141,93.1278,0.0,0.029850746268656716,0.0,0.0,0.0,3.1049066499200955e-05,0.0,0.11426855646415321,0.03365888086881986,2.9930159572116852,0.05185185185185168,0.454,108.06
C,lane,f-1d,PyneCore 6.9.1 (--security + the probe's --from/--to window),13,5,3,3,2,0,0,0,0,0,0,70,57,95.5556,0.0,0.0,0.0,0.0,0.0,0.016993993364541535,0.1324515026194604,1.0,0.24682187863252736,1.0,0.2256596906278435,0.251,105.176
C,lane,eurusd,PyneCore 6.9.1 (--security + the probe's --from/--to window),19,6,8,1,0,0,0,0,3,1,0,41566,29700,99.8754,0.00022820629849383843,0.029585798816568046,0.0,0.0,0.0,1.4780074514045605e-09,0.0,0.0009893932156895971,0.18123686854846074,4.343283582089552,0.015329999999999969,1.057,2.408
C,lane,xauusd,PyneCore 6.9.1 (--security + the probe's --from/--to window),19,10,6,0,1,1,0,0,0,1,0,17149,15958,94.7784,0.0,0.015822784810126583,0.0,0.0,0.0,2.9488314182565657e-06,0.0,0.0,0.013509716667980766,0.0976976511321601,0.009861620686362888,1.22,60.395
C,lane,xauusd-1d,PyneCore 6.9.1 (--security + the probe's --from/--to window),12,7,4,0,0,0,0,0,0,1,0,226,194,99.4819,0.0,0.0,0.0,0.0,0.0,0.0016025304706878004,0.0,0.8004038446333468,0.06766753071207518,0.5667087233355828,0.067667530712075,0.232,97.132
C,lane,eth,PyneCore 6.9.1 (+ the campaign's native TradingView daily feed under SYMBOL:D/1D),20,0,0,0,0,0,0,0,0,0,20,35323,0,0.0,,,,,,,,,,,,,
C,lane,btcusdt,PyneCore 6.9.1 (+ the campaign's native TradingView daily feed under SYMBOL:D/1D),18,0,0,0,0,0,0,0,0,0,18,37389,0,0.0,,,,,,,,,,,,,
C,lane,btcusdt-1d,PyneCore 6.9.1 (+ the campaign's native TradingView daily feed under SYMBOL:D/1D),13,0,0,0,0,0,0,0,0,0,13,248,0,0.0,,,,,,,,,,,,,
C,lane,es1,PyneCore 6.9.1 (+ the campaign's native TradingView daily feed under SYMBOL:D/1D),9,7,1,0,1,0,0,0,0,0,0,10180,9661,99.9482,0.0,0.0010548523206751054,0.0,0.0,0.0,0.0,0.0,0.0,0.1457507705856451,0.9782608695652174,0.06232347957070231,0.868,395.101
C,lane,es1-1d,PyneCore 6.9.1 (+ the campaign's native TradingView daily feed under SYMBOL:D/1D),8,0,0,0,0,0,0,0,0,0,8,62,0,0.0,,,,,,,,,,,,,
C,lane,nq1,PyneCore 6.9.1 (+ the campaign's native TradingView daily feed under SYMBOL:D/1D),9,8,0,0,0,1,0,0,0,0,0,8387,8304,98.9728,0.0,0.0,0.0,0.0,0.0,0.0,0.0,0.0,0.15081652257444764,0.1816611984113279,0.06098550724637681,0.871,448.459
C,lane,nq1-1d,PyneCore 6.9.1 (+ the campaign's native TradingView daily feed under SYMBOL:D/1D),8,0,0,0,0,0,0,0,0,0,8,181,0,0.0,,,,,,,,,,,,,
C,lane,aapl,PyneCore 6.9.1 (+ the campaign's native TradingView daily feed under SYMBOL:D/1D),18,9,4,1,4,0,0,0,0,0,0,6468,5637,92.6433,0.0,0.1111111111111111,0.0,0.0,0.0,0.004515186067068665,0.0,0.75,0.018484288354898275,0.3761229355554935,0.03372635042500716,0.453,109.174
C,lane,nifty,PyneCore 6.9.1 (+ the campaign's native TradingView daily feed under SYMBOL:D/1D),9,8,0,1,0,0,0,0,0,0,0,1679,1672,99.7611,0.0,0.0,0.0,0.0,0.0,0.0,0.0,0.0,0.035377711293941794,0.18080724876441512,0.022818640851638643,0.492,105.952
C,lane,nifty-1d,PyneCore 6.9.1 (+ the campaign's native TradingView daily feed under SYMBOL:D/1D),8,0,0,0,0,0,0,0,0,0,8,58,0,0.0,,,,,,,,,,,,,
C,lane,f,PyneCore 6.9.1 (+ the campaign's native TradingView daily feed under SYMBOL:D/1D),17,10,4,0,2,1,0,0,0,0,0,6237,5141,93.1278,0.0,0.029850746268656716,0.0,0.0,0.0,3.1049066499200955e-05,0.0,0.11426855646415321,0.03365888086881986,2.9930159572116852,0.05185185185185168,0.495,108.385
C,lane,f-1d,PyneCore 6.9.1 (+ the campaign's native TradingView daily feed under SYMBOL:D/1D),13,0,0,0,0,0,0,0,0,0,13,70,0,0.0,,,,,,,,,,,,,
C,lane,eurusd,PyneCore 6.9.1 (+ the campaign's native TradingView daily feed under SYMBOL:D/1D),19,0,0,0,0,0,0,0,0,0,19,41566,0,0.0,,,,,,,,,,,,,
C,lane,xauusd,PyneCore 6.9.1 (+ the campaign's native TradingView daily feed under SYMBOL:D/1D),19,0,0,0,0,0,0,0,0,0,19,17149,0,0.0,,,,,,,,,,,,,
C,lane,xauusd-1d,PyneCore 6.9.1 (+ the campaign's native TradingView daily feed under SYMBOL:D/1D),12,0,0,0,0,0,0,0,0,0,12,226,0,0.0,,,,,,,,,,,,,
C,lane,eth,PyneCore 6.4.6 (full feed),20,2,7,1,3,1,0,0,6,0,0,35323,165645,98.732,0.0005733944954128441,0.3836065573770492,0.0,0.0,0.0,0.012155447575539356,0.19470318127598465,1.0394540225516145,0.3011639417319735,1.4181488572516137,0.3010341606712965,20.11,31.401
C,lane,btcusdt,PyneCore 6.4.6 (full feed),18,2,7,1,1,1,0,0,6,0,0,37389,144395,87.8245,0.0030349013657056147,0.4594594594594595,3.419103085944541e-06,3.517380343488759e-06,3.5487049496544122e-06,0.004547670257093196,0.002587915662485771,0.28962591572676827,0.04103527901085262,0.29119466707036024,0.04445683998893306,16.269,23.415
C,lane,btcusdt-1d,PyneCore 6.4.6 (full feed),13,0,1,9,0,0,0,0,3,0,0,248,588,98.5915,0.0,0.1,2.495511083942565e-06,3.374138466934594e-06,0.00015564808355688007,0.1787137846821433,1.0,1.3453993013814491,1.0,2.648538759517039,0.870484417059356,0.849,2.648
C,lane,es1,PyneCore 6.4.6 (full feed),9,6,1,0,0,1,0,0,1,0,0,10180,42113,93.283,0.0,0.006153846153846154,0.0,0.0,0.0,0.0,0.0,0.3333333333333333,0.17856395227129998,0.3640256959314775,0.06553585196607556,9.016,17.959
C,lane,es1-1d,PyneCore 6.4.6 (full feed),8,0,1,2,0,2,0,0,3,0,0,62,226,95.7447,0.0,0.875,0.0,0.0,0.0,0.007488071125053774,0.14453125000000133,0.9083412322274882,2.184903047091413,3.964179104477612,2.019846350832266,0.471,1.117
C,lane,nq1,PyneCore 6.4.6 (full feed),9,4,2,0,0,0,0,0,3,0,0,8387,36649,99.5844,0.0,0.0004483299708585519,0.0,0.0,0.0,0.0,0.0,0.0,0.02796084512502423,0.06045869611382459,0.024362438777233576,6.694,11.955
C,lane,nq1-1d,PyneCore 6.4.6 (full feed),8,3,0,0,0,4,0,0,1,0,0,181,666,97.1429,0.0,0.75,0.0,0.0,0.0,0.0,0.0,0.0,0.0,0.1397144603077607,0.0,0.959,1.603
C,lane,aapl,PyneCore 6.4.6 (full feed),18,4,4,2,0,0,0,0,8,0,0,6468,18446,99.9158,0.0,0.2868217054263566,0.0,0.0,0.0,0.005256889084864703,0.0,0.9419518558311123,0.12616593028964165,0.4410319015265434,0.10074910868084781,2.4,6.913
C,lane,nifty,PyneCore 6.4.6 (full feed),9,5,0,2,0,0,0,0,2,0,0,1679,5024,99.8138,0.0,0.05555555555555555,2.0523063411261226e-06,2.0594749847846263e-06,2.0495398635233112e-06,5.6962139562045014e-05,0.0013099124498624046,0.4783271985166357,0.035153328347045626,0.4140437050903837,0.02267391374264267,3.347,58.716
C,lane,nifty-1d,PyneCore 6.4.6 (full feed),8,1,3,1,0,1,0,0,2,0,0,58,70,92.8571,0.0,0.0,1.5582968594247907e-06,2.021950292344589e-06,2.056407564833609e-06,2.083541687471764e-06,0.22540415704387984,0.8,0.8792911254180221,1.0,0.8792911254180221,0.23,0.28
C,lane,f,PyneCore 6.4.6 (full feed),17,6,6,1,0,0,0,0,4,0,0,6237,21293,99.642,0.0,0.04523227383863081,0.0,0.0,0.0,0.0008505861522260458,0.0,0.9286188514158824,0.13499670742592484,0.9286123923757659,0.04596392498739509,3.521,5.977
C,lane,f-1d,PyneCore 6.4.6 (full feed),13,3,2,1,2,1,0,0,4,0,0,70,137,91.1765,0.0,0.5,0.0,0.0,0.0,0.00011826332521457829,0.023949579831932778,1.0,0.9658069102953762,1.0,0.2960921180007133,0.582,0.848
C,lane,eurusd,PyneCore 6.4.6 (full feed),19,3,4,4,0,4,0,0,4,0,0,41566,205659,77.5887,0.22429906542056074,1.0,0.0,0.0,0.0,0.0019475199164884526,0.0,0.953961127774577,0.46485720072918785,3.7576083254535493,0.039920000000000344,8.593,15.849
C,lane,xauusd,PyneCore 6.4.6 (full feed),19,0,9,1,1,4,0,0,4,0,0,17149,65949,92.143,0.0031746031746031746,1.0,1.4971628770162488e-06,1.5018929883454257e-06,1.4981197122236845e-06,3.7778270441495952e-06,0.00035665893621794327,0.6509556673505279,0.04166359456983615,0.626766466086432,0.04166359456983628,7.745,19.662
C,lane,xauusd-1d,PyneCore 6.4.6 (full feed),12,4,2,2,1,0,0,0,3,0,0,226,781,98.1366,0.0,0.03225806451612903,1.4875652798628791e-06,1.496157112510495e-06,1.496157112510495e-06,0.0015575153580856594,0.00026865063477445755,1.0,0.11148511115744737,0.8605021754470449,0.10479208179531559,0.53,0.782
