bars,engine,key,lane,metric,p95,pf_codegen_s,pf_gxx_s,rss_kb,set,status,table,value
,,python3 -c pass (system),,median_s,,,,,,,startup,0.01
,,python(venv691) -c pass,,median_s,,,,,,,startup,0.009
,,python(venv691) import pynecore,,median_s,,,,,,,startup,0.072
,,pyne 6.9.1 --help,,median_s,,,,,,,startup,0.153
,,pyne 6.4.6 --help,,median_s,,,,,,,startup,0.114
,,run_strategy.py --help,,median_s,,,,,,,startup,0.048
,,"pf_tool (dlopen+load 53,929-bar csv, 1 iter)",,median_s,,,,,,,startup,0.026
53929,pf,01-sma-cross,eth-suite,median_s,0.183,,,55088,A,ok,e2e,0.181
53929,pf,02-inside-bar,eth-suite,median_s,0.208,,,55128,A,ok,e2e,0.207
53929,pf,03-supertrend,eth-suite,median_s,0.141,,,54092,A,ok,e2e,0.139
53929,pf,04-macd-histogram,eth-suite,median_s,0.196,,,54080,A,ok,e2e,0.195
53929,pf,05-stoch-rsi,eth-suite,median_s,0.159,,,55088,A,ok,e2e,0.158
53929,pf,06-liquidity-sweep,eth-suite,median_s,0.124,,,55084,A,ok,e2e,0.122
53929,pf,07-scalping-strategy,eth-suite,median_s,0.13,,,55128,A,ok,e2e,0.127
53929,pf,08-4ema-rsi,eth-suite,median_s,0.139,,,55124,A,ok,e2e,0.139
53929,pf,09-kkb-kalman,eth-suite,median_s,0.125,,,55444,A,ok,e2e,0.121
53929,pf,10-market-shift,eth-suite,median_s,0.161,,,55156,A,ok,e2e,0.159
53929,pf,100-matrix-bool-mask-no-transpose-01,eth-suite,median_s,0.147,,,52924,A,ok,e2e,0.147
53929,pf,11-greedy,eth-suite,median_s,0.118,,,54984,A,ok,e2e,0.117
53929,pf,12-keltner,eth-suite,median_s,0.131,,,55092,A,ok,e2e,0.128
53929,pf,13-stoch-slow-k-d-cross,eth-suite,median_s,0.328,,,56444,A,ok,e2e,0.326
53929,pf,14-pivot-ext,eth-suite,median_s,0.251,,,55080,A,ok,e2e,0.25
53929,pf,15-stochastic-slow,eth-suite,median_s,0.139,,,55120,A,ok,e2e,0.138
53929,pf,16-volty-expan,eth-suite,median_s,0.319,,,55980,A,ok,e2e,0.318
53929,pf,17-bos-curv,eth-suite,median_s,0.132,,,55076,A,ok,e2e,0.131
53929,pf,18-kanuck,eth-suite,median_s,0.188,,,54076,A,ok,e2e,0.186
53929,pf,19-scalping-wunder-bots,eth-suite,median_s,0.139,,,55128,A,ok,e2e,0.137
53929,pf,20-bb-squeeze,eth-suite,median_s,0.144,,,55092,A,ok,e2e,0.141
53929,pf,21-dmi-adx-trend,eth-suite,median_s,0.195,,,55120,A,ok,e2e,0.191
53929,pf,22-hma-cross,eth-suite,median_s,0.248,,,55080,A,ok,e2e,0.246
53929,pf,23-cci-momentum,eth-suite,median_s,0.188,,,55096,A,ok,e2e,0.187
53929,pf,24-tsi-signal,eth-suite,median_s,0.143,,,54096,A,ok,e2e,0.142
53929,pf,25-linreg-channel,eth-suite,median_s,0.127,,,55128,A,ok,e2e,0.126
53929,pf,26-aroon-oscillator,eth-suite,median_s,0.166,,,55124,A,ok,e2e,0.163
53929,pf,27-donchian-breakout,eth-suite,median_s,0.148,,,55128,A,ok,e2e,0.147
53929,pf,28-elder-ray,eth-suite,median_s,0.185,,,55212,A,ok,e2e,0.183
53929,pf,29-chandelier-exit,eth-suite,median_s,0.165,,,54080,A,ok,e2e,0.162
53929,pf,30-atr-trailing-stop,eth-suite,median_s,0.257,,,55128,A,ok,e2e,0.255
53929,pf,31-vwma-divergence,eth-suite,median_s,0.189,,,55088,A,ok,e2e,0.187
53929,pf,32-momentum-roc,eth-suite,median_s,0.275,,,55084,A,ok,e2e,0.275
53929,pf,33-mean-reversion-bb,eth-suite,median_s,0.133,,,55224,A,ok,e2e,0.132
53929,pf,34-dual-ma-switch,eth-suite,median_s,0.153,,,54092,A,ok,e2e,0.151
53929,pf,35-ema-ribbon-loop,eth-suite,median_s,0.137,,,54088,A,ok,e2e,0.136
53929,pf,36-pivot-array-breakout,eth-suite,median_s,0.144,,,55180,A,ok,e2e,0.143
53929,pf,37-range-filter-while,eth-suite,median_s,0.13,,,55604,A,ok,e2e,0.127
53929,pf,38-adaptive-ma-func,eth-suite,median_s,0.245,,,55132,A,ok,e2e,0.241
53929,pf,39-candle-pattern,eth-suite,median_s,0.144,,,55128,A,ok,e2e,0.143
53929,pf,40-dual-thrust,eth-suite,median_s,0.201,,,55128,A,ok,e2e,0.199
53929,pf,41-volume-breakout,eth-suite,median_s,0.169,,,55088,A,ok,e2e,0.165
53929,pf,42-ma-stack-array,eth-suite,median_s,0.157,,,55408,A,ok,e2e,0.156
53929,pf,43-swing-pivot-atr,eth-suite,median_s,0.163,,,55120,A,ok,e2e,0.162
53929,pf,44-median-cross,eth-suite,median_s,0.206,,,54092,A,ok,e2e,0.205
53929,pf,45-multi-indicator-score,eth-suite,median_s,0.23,,,54100,A,ok,e2e,0.229
53929,pf,46-rsi-bands,eth-suite,median_s,0.129,,,55088,A,ok,e2e,0.128
53929,pf,47-supertrend-adx-filter,eth-suite,median_s,0.133,,,55608,A,ok,e2e,0.131
53929,pf,48-bracket-exit-tp-sl,eth-suite,median_s,0.128,,,54424,A,ok,e2e,0.126
53929,pf,49-partial-exit-qty-percent,eth-suite,median_s,0.14,,,54064,A,ok,e2e,0.137
53929,pf,50-close-immediate-vs-next-bar,eth-suite,median_s,0.14,,,54104,A,ok,e2e,0.138
53929,pf,51-order-deferred-flip-guaranteed-gap-stops-01,eth-suite,median_s,0.148,,,54488,A,ok,e2e,0.145
53929,pf,52-barstate-isconfirmed-magnifier-off-01b,eth-suite,median_s,0.142,,,54560,A,ok,e2e,0.141
53929,pf,53-barstate-isconfirmed-magnifier-on-01a,eth-suite,median_s,0.156,,,54520,A,ok,e2e,0.153
53929,pf,54-composite-ies-integration-01,eth-suite,median_s,0.136,,,54488,A,ok,e2e,0.135
53929,pf,55-composite-ies-pressure-gauge-01,eth-suite,median_s,0.18,,,54512,A,ok,e2e,0.178
53929,pf,56-composite-vcp-integration-01,eth-suite,median_s,0.157,,,55596,A,ok,e2e,0.153
53929,pf,57-oca-exit-bracket-internal-cancel-01,eth-suite,median_s,0.141,,,54480,A,ok,e2e,0.131
53929,pf,58-oca-multi-bracket-isolation-01,eth-suite,median_s,0.163,,,54508,A,ok,e2e,0.156
53929,pf,59-order-deferred-flip-pooc-cross-bar-01,eth-suite,median_s,0.147,,,54524,A,ok,e2e,0.146
53929,pf,60-recompute-alma-sar-corr-magnifier-01,eth-suite,median_s,0.143,,,55488,A,ok,e2e,0.133
53929,pf,61-analyzer-parity-edge-margin-50-pct-01,eth-suite,median_s,0.129,,,55512,A,ok,e2e,0.12
53929,pf,62-analyzer-parity-percent-of-equity-sizing-01,eth-suite,median_s,0.118,,,54476,A,ok,e2e,0.117
53929,pf,63-analyzer-parity-small-equity-fraction-01,eth-suite,median_s,0.128,,,55828,A,ok,e2e,0.127
53929,pf,64-composite-vcp-cumulative-volume-delta-01,eth-suite,median_s,0.211,,,54476,A,ok,e2e,0.204
53929,pf,65-bracket-atr-trail-series-int-points-01,eth-suite,median_s,0.149,,,54480,A,ok,e2e,0.141
53929,pf,66-bracket-entry-exit-same-pass-attach-01,eth-suite,median_s,0.139,,,54152,A,ok,e2e,0.138
53929,pf,67-bracket-exit-stop-limit-trail-same-bar-01,eth-suite,median_s,0.137,,,54072,A,ok,e2e,0.136
53929,pf,68-bracket-exit-three-way-set-once-entry-01,eth-suite,median_s,0.141,,,54524,A,ok,e2e,0.141
53929,pf,69-bracket-exit-tp-sl-fixed-01,eth-suite,median_s,0.128,,,54072,A,ok,e2e,0.127
53929,pf,70-bracket-narrow-stop-limit-with-trail8-01,eth-suite,median_s,0.143,,,54580,A,ok,e2e,0.139
53929,pf,71-bracket-partial-exit-qty-percent-01,eth-suite,median_s,0.138,,,54096,A,ok,e2e,0.138
53929,pf,72-bracket-same-id-exit-replace-01,eth-suite,median_s,0.127,,,54084,A,ok,e2e,0.125
53929,pf,73-bracket-tp-sl-oca-reduce-isolate-01,eth-suite,median_s,0.179,,,54512,A,ok,e2e,0.177
53929,pf,74-bracket-trail-points-no-offset-explicit-01,eth-suite,median_s,0.14,,,54624,A,ok,e2e,0.14
53929,pf,75-composite-4emarsi-rsi-pullback-latch-01,eth-suite,median_s,0.143,,,54804,A,ok,e2e,0.143
53929,pf,76-analyzer-parity-choch-bos-isolator-01,eth-suite,median_s,0.145,,,54548,A,ok,e2e,0.145
53929,pf,77-composite-scalping-fast-ma-cross-trigger-01,eth-suite,median_s,0.204,,,54488,A,ok,e2e,0.203
53929,pf,78-cap-max-intraday-filled-orders-isolate-01,eth-suite,median_s,0.172,,,54576,A,ok,e2e,0.17
53929,pf,79-composite-kanuck-kama-state-recurrence-01,eth-suite,median_s,0.253,,,54480,A,ok,e2e,0.253
53929,pf,80-magnifier-tick-dist-volume-weighted-on-01,eth-suite,median_s,0.151,,,54480,A,ok,e2e,0.145
53929,pf,81-magnifier-tick-dist-endpoints-rsi-cross-08a,eth-suite,median_s,0.19,,,54516,A,ok,e2e,0.188
53929,pf,82-matrix-covariance-eigen-pca-01,eth-suite,median_s,0.214,,,55172,A,ok,e2e,0.209
53929,pf,83-matrix-bool-mask-explicit-utc-tz-01,eth-suite,median_s,0.167,,,52952,A,ok,e2e,0.164
53929,pf,84-na-nz-fixnan-history-chain-01,eth-suite,median_s,0.203,,,55112,A,ok,e2e,0.199
53929,pf,85-oca-raw-strategy-order-reduce-01,eth-suite,median_s,0.129,,,54068,A,ok,e2e,0.125
53929,pf,86-order-range-expansion-pending-stop-01,eth-suite,median_s,0.2,,,54552,A,ok,e2e,0.199
53929,pf,87-pyramid-deferred-flip-close-all-01,eth-suite,median_s,0.188,,,54508,A,ok,e2e,0.184
53929,pf,88-order-stop-entry-cancel-opposite-01,eth-suite,median_s,0.169,,,54512,A,ok,e2e,0.166
53929,pf,89-session-ny-spring-forward-dst-01,eth-suite,median_s,0.14,,,54476,A,ok,e2e,0.137
53929,pf,90-ta-hma-55-close-cross-01,eth-suite,median_s,0.259,,,56000,A,ok,e2e,0.254
53929,pf,91-pyramid-close-id-grouping-01,eth-suite,median_s,0.188,,,54100,A,ok,e2e,0.186
53929,pf,92-session-hour-minute-pulse-filter-01,eth-suite,median_s,0.129,,,54064,A,ok,e2e,0.126
53929,pf,93-analyzer-parity-stop-limit-timing-01,eth-suite,median_s,0.141,,,54520,A,ok,e2e,0.141
53929,pf,94-ta-hma-fast-slow-cross-01,eth-suite,median_s,0.249,,,55600,A,ok,e2e,0.246
53929,pf,95-cap-risk-gates-allow-max-intraday-01,eth-suite,median_s,0.144,,,54108,A,ok,e2e,0.143
53929,pf,96-composite-ies-rsi-macd-momentum-01,eth-suite,median_s,0.253,,,54544,A,ok,e2e,0.252
53929,pf,97-composite-scalping-integration-01,eth-suite,median_s,0.202,,,54480,A,ok,e2e,0.2
53929,pf,98-magnifier-tick-dist-endpoints-01,eth-suite,median_s,0.152,,,54528,A,ok,e2e,0.148
53929,pf,99-matrix-eigen-rank-deficient-cov-01,eth-suite,median_s,0.156,,,54508,A,ok,e2e,0.154
53929,pc691,01-sma-cross,eth-suite,median_s,0.945,,,50120,A,ok,e2e,0.926
53929,pc691,02-inside-bar,eth-suite,median_s,0.939,,,51392,A,ok,e2e,0.927
53929,pc691,03-supertrend,eth-suite,median_s,0.829,,,47888,A,ok,e2e,0.822
53929,pc691,04-macd-histogram,eth-suite,median_s,1.392,,,52004,A,ok,e2e,1.379
53929,pc691,05-stoch-rsi,eth-suite,median_s,1.044,,,49332,A,ok,e2e,1.029
53929,pc691,06-liquidity-sweep,eth-suite,median_s,1.302,,,49112,A,ok,e2e,1.291
53929,pc691,07-scalping-strategy,eth-suite,median_s,1.163,,,49656,A,ok,e2e,1.154
53929,pc691,08-4ema-rsi,eth-suite,median_s,1.511,,,49292,A,ok,e2e,1.468
53929,pc691,09-kkb-kalman,eth-suite,median_s,1.377,,,49984,A,ok,e2e,1.351
53929,pc691,10-market-shift,eth-suite,median_s,2.024,,,52212,A,ok,e2e,2.006
53929,pc691,100-matrix-bool-mask-no-transpose-01,eth-suite,median_s,5.014,,,48012,A,ok,e2e,4.981
53929,pc691,11-greedy,eth-suite,median_s,0.599,,,46436,A,ok,e2e,0.592
53929,pc691,12-keltner,eth-suite,median_s,0.925,,,47876,A,ok,e2e,0.912
53929,pc691,13-stoch-slow-k-d-cross,eth-suite,median_s,1.335,,,56064,A,ok,e2e,1.326
53929,pc691,14-pivot-ext,eth-suite,median_s,1.304,,,53972,A,ok,e2e,1.285
53929,pc691,15-stochastic-slow,eth-suite,median_s,0.944,,,48152,A,ok,e2e,0.931
53929,pc691,16-volty-expan,eth-suite,median_s,1.524,,,55412,A,ok,e2e,1.509
53929,pc691,17-bos-curv,eth-suite,median_s,2.167,,,52016,A,ok,e2e,2.145
53929,pc691,18-kanuck,eth-suite,median_s,4.153,,,54232,A,ok,e2e,4.113
53929,pc691,19-scalping-wunder-bots,eth-suite,median_s,2.63,,,51576,A,ok,e2e,2.607
53929,pc691,20-bb-squeeze,eth-suite,median_s,1.464,,,50440,A,ok,e2e,1.444
53929,pc691,21-dmi-adx-trend,eth-suite,median_s,1.004,,,50884,A,ok,e2e,0.992
53929,pc691,22-hma-cross,eth-suite,median_s,2.037,,,54940,A,ok,e2e,2.026
53929,pc691,23-cci-momentum,eth-suite,median_s,1.567,,,50924,A,ok,e2e,1.545
53929,pc691,24-tsi-signal,eth-suite,median_s,1.329,,,49172,A,ok,e2e,1.31
53929,pc691,25-linreg-channel,eth-suite,median_s,1.215,,,49596,A,ok,e2e,1.206
53929,pc691,26-aroon-oscillator,eth-suite,median_s,1.569,,,50876,A,ok,e2e,1.553
53929,pc691,27-donchian-breakout,eth-suite,median_s,1.38,,,49496,A,ok,e2e,1.372
53929,pc691,28-elder-ray,eth-suite,median_s,1.32,,,52680,A,ok,e2e,1.311
53929,pc691,29-chandelier-exit,eth-suite,median_s,1.421,,,50712,A,ok,e2e,1.401
53929,pc691,30-atr-trailing-stop,eth-suite,median_s,1.525,,,56228,A,ok,e2e,1.511
53929,pc691,31-vwma-divergence,eth-suite,median_s,1.488,,,52148,A,ok,e2e,1.448
53929,pc691,32-momentum-roc,eth-suite,median_s,1.657,,,56520,A,ok,e2e,1.648
53929,pc691,33-mean-reversion-bb,eth-suite,median_s,1.207,,,49496,A,ok,e2e,1.199
53929,pc691,34-dual-ma-switch,eth-suite,median_s,1.239,,,49592,A,ok,e2e,1.215
53929,pc691,35-ema-ribbon-loop,eth-suite,median_s,1.229,,,49116,A,ok,e2e,1.212
53929,pc691,36-pivot-array-breakout,eth-suite,median_s,1.51,,,49344,A,ok,e2e,1.505
53929,pc691,37-range-filter-while,eth-suite,median_s,1.16,,,48532,A,ok,e2e,1.149
53929,pc691,38-adaptive-ma-func,eth-suite,median_s,1.631,,,54712,A,ok,e2e,1.616
53929,pc691,39-candle-pattern,eth-suite,median_s,1.349,,,49752,A,ok,e2e,1.341
53929,pc691,40-dual-thrust,eth-suite,median_s,1.496,,,51712,A,ok,e2e,1.486
53929,pc691,41-volume-breakout,eth-suite,median_s,0.76,,,49752,A,ok,e2e,0.738
53929,pc691,42-ma-stack-array,eth-suite,median_s,1.328,,,50388,A,ok,e2e,1.317
53929,pc691,43-swing-pivot-atr,eth-suite,median_s,1.459,,,50376,A,ok,e2e,1.455
53929,pc691,44-median-cross,eth-suite,median_s,1.463,,,52048,A,ok,e2e,1.442
53929,pc691,45-multi-indicator-score,eth-suite,median_s,1.739,,,54096,A,ok,e2e,1.725
53929,pc691,46-rsi-bands,eth-suite,median_s,1.208,,,49004,A,ok,e2e,1.193
53929,pc691,47-supertrend-adx-filter,eth-suite,median_s,1.212,,,49452,A,ok,e2e,1.197
53929,pc691,48-bracket-exit-tp-sl,eth-suite,median_s,0.52,,,46936,A,ok,e2e,0.511
53929,pc691,49-partial-exit-qty-percent,eth-suite,median_s,0.741,,,47540,A,ok,e2e,0.724
53929,pc691,50-close-immediate-vs-next-bar,eth-suite,median_s,0.58,,,47688,A,ok,e2e,0.569
53929,pc691,51-order-deferred-flip-guaranteed-gap-stops-01,eth-suite,median_s,0.79,,,47584,A,ok,e2e,0.773
53929,pc691,52-barstate-isconfirmed-magnifier-off-01b,eth-suite,median_s,0.689,,,47984,A,ok,e2e,0.669
53929,pc691,53-barstate-isconfirmed-magnifier-on-01a,eth-suite,median_s,0.685,,,48152,A,ok,e2e,0.673
53929,pc691,54-composite-ies-integration-01,eth-suite,median_s,1.082,,,49624,A,ok,e2e,1.075
53929,pc691,55-composite-ies-pressure-gauge-01,eth-suite,median_s,0.928,,,50424,A,ok,e2e,0.907
53929,pc691,56-composite-vcp-integration-01,eth-suite,median_s,1.977,,,50444,A,ok,e2e,1.965
53929,pc691,57-oca-exit-bracket-internal-cancel-01,eth-suite,median_s,0.642,,,47084,A,ok,e2e,0.605
53929,pc691,58-oca-multi-bracket-isolation-01,eth-suite,median_s,0.78,,,48172,A,ok,e2e,0.763
53929,pc691,59-order-deferred-flip-pooc-cross-bar-01,eth-suite,median_s,0.851,,,47524,A,ok,e2e,0.838
53929,pc691,60-recompute-alma-sar-corr-magnifier-01,eth-suite,median_s,0.942,,,49116,A,ok,e2e,0.928
53929,pc691,61-analyzer-parity-edge-margin-50-pct-01,eth-suite,median_s,0.486,,,46092,A,ok,e2e,0.471
53929,pc691,62-analyzer-parity-percent-of-equity-sizing-01,eth-suite,median_s,0.468,,,46448,A,ok,e2e,0.45
53929,pc691,63-analyzer-parity-small-equity-fraction-01,eth-suite,median_s,0.495,,,46088,A,ok,e2e,0.484
53929,pc691,64-composite-vcp-cumulative-volume-delta-01,eth-suite,median_s,0.858,,,51516,A,ok,e2e,0.842
53929,pc691,65-bracket-atr-trail-series-int-points-01,eth-suite,median_s,0.569,,,47368,A,ok,e2e,0.547
53929,pc691,66-bracket-entry-exit-same-pass-attach-01,eth-suite,median_s,0.588,,,47352,A,ok,e2e,0.562
53929,pc691,67-bracket-exit-stop-limit-trail-same-bar-01,eth-suite,median_s,0.601,,,47888,A,ok,e2e,0.58
53929,pc691,68-bracket-exit-three-way-set-once-entry-01,eth-suite,median_s,0.524,,,46876,A,ok,e2e,0.521
53929,pc691,69-bracket-exit-tp-sl-fixed-01,eth-suite,median_s,0.514,,,47080,A,ok,e2e,0.502
53929,pc691,70-bracket-narrow-stop-limit-with-trail8-01,eth-suite,median_s,0.543,,,46884,A,ok,e2e,0.53
53929,pc691,71-bracket-partial-exit-qty-percent-01,eth-suite,median_s,0.744,,,47212,A,ok,e2e,0.737
53929,pc691,72-bracket-same-id-exit-replace-01,eth-suite,median_s,0.519,,,46904,A,ok,e2e,0.514
53929,pc691,73-bracket-tp-sl-oca-reduce-isolate-01,eth-suite,median_s,0.746,,,49768,A,ok,e2e,0.743
53929,pc691,74-bracket-trail-points-no-offset-explicit-01,eth-suite,median_s,0.544,,,46932,A,ok,e2e,0.522
53929,pc691,75-composite-4emarsi-rsi-pullback-latch-01,eth-suite,median_s,0.822,,,48152,A,ok,e2e,0.791
53929,pc691,76-analyzer-parity-choch-bos-isolator-01,eth-suite,median_s,0.825,,,48476,A,ok,e2e,0.81
53929,pc691,77-composite-scalping-fast-ma-cross-trigger-01,eth-suite,median_s,0.908,,,50920,A,ok,e2e,0.897
53929,pc691,78-cap-max-intraday-filled-orders-isolate-01,eth-suite,median_s,0.805,,,49488,A,ok,e2e,0.783
53929,pc691,79-composite-kanuck-kama-state-recurrence-01,eth-suite,median_s,1.12,,,53984,A,ok,e2e,1.115
53929,pc691,80-magnifier-tick-dist-volume-weighted-on-01,eth-suite,median_s,0.577,,,47428,A,ok,e2e,0.567
53929,pc691,81-magnifier-tick-dist-endpoints-rsi-cross-08a,eth-suite,median_s,0.754,,,49488,A,ok,e2e,0.737
53929,pc691,82-matrix-covariance-eigen-pca-01,eth-suite,median_s,1.328,,,52804,A,ok,e2e,1.324
53929,pc691,83-matrix-bool-mask-explicit-utc-tz-01,eth-suite,median_s,5.695,,,48028,A,ok,e2e,5.654
53929,pc691,84-na-nz-fixnan-history-chain-01,eth-suite,median_s,0.916,,,52172,A,ok,e2e,0.901
53929,pc691,85-oca-raw-strategy-order-reduce-01,eth-suite,median_s,0.528,,,46584,A,ok,e2e,0.524
53929,pc691,86-order-range-expansion-pending-stop-01,eth-suite,median_s,1.062,,,51844,A,ok,e2e,1.038
53929,pc691,87-pyramid-deferred-flip-close-all-01,eth-suite,median_s,0.961,,,49756,A,ok,e2e,0.948
53929,pc691,88-order-stop-entry-cancel-opposite-01,eth-suite,median_s,0.943,,,49440,A,ok,e2e,0.938
53929,pc691,89-session-ny-spring-forward-dst-01,eth-suite,median_s,0.779,,,47384,A,ok,e2e,0.753
53929,pc691,90-ta-hma-55-close-cross-01,eth-suite,median_s,1.338,,,53460,A,ok,e2e,1.335
53929,pc691,91-pyramid-close-id-grouping-01,eth-suite,median_s,0.722,,,49480,A,ok,e2e,0.712
53929,pc691,92-session-hour-minute-pulse-filter-01,eth-suite,median_s,0.514,,,47196,A,ok,e2e,0.49
53929,pc691,93-analyzer-parity-stop-limit-timing-01,eth-suite,median_s,0.613,,,47532,A,ok,e2e,0.611
53929,pc691,94-ta-hma-fast-slow-cross-01,eth-suite,median_s,2.035,,,54920,A,ok,e2e,2.02
53929,pc691,95-cap-risk-gates-allow-max-intraday-01,eth-suite,median_s,0.605,,,47692,A,ok,e2e,0.572
53929,pc691,96-composite-ies-rsi-macd-momentum-01,eth-suite,median_s,1.177,,,54732,A,ok,e2e,1.171
53929,pc691,97-composite-scalping-integration-01,eth-suite,median_s,0.722,,,51036,A,ok,e2e,0.719
53929,pc691,98-magnifier-tick-dist-endpoints-01,eth-suite,median_s,0.568,,,47692,A,ok,e2e,0.559
53929,pc691,99-matrix-eigen-rank-deficient-cov-01,eth-suite,median_s,0.956,,,48944,A,ok,e2e,0.944
222295,pf,analyzer-parity-stop-limit-timing-01,eth-corpus,median_s,0.249,,,99748,B,ok,e2e,0.243
222295,pf,bracket-exit-three-way-set-once-entry-01,eth-corpus,median_s,0.244,,,99748,B,ok,e2e,0.243
222295,pf,bracket-same-id-exit-replace-01,eth-corpus,median_s,0.226,,,99116,B,ok,e2e,0.225
222295,pf,bracket-tp-sl-oca-reduce-isolate-01,eth-corpus,median_s,0.28,,,99652,B,ok,e2e,0.276
222295,pf,composite-boscurv-linreg-slope-channel-01,eth-corpus,median_s,0.256,,,99756,B,ok,e2e,0.255
222295,pf,composite-ies-rsi-macd-momentum-01,eth-corpus,median_s,0.355,,,99684,B,ok,e2e,0.352
222295,pf,composite-kkb-kalman-filter-1d-01,eth-corpus,median_s,0.369,,,99712,B,ok,e2e,0.362
222295,pf,composite-kkb-margin-100-pct-01,eth-corpus,median_s,0.287,,,99688,B,ok,e2e,0.285
222295,pf,composite-vcp-integration-01,eth-corpus,median_s,0.348,,,99744,B,ok,e2e,0.346
222295,pf,composite-wunderscalper-explicit-reverse-01,eth-corpus,median_s,0.304,,,99752,B,ok,e2e,0.302
222295,pf,magnifier-tick-dist-endpoints-rsi-cross-08a,eth-corpus,median_s,0.318,,,99756,B,ok,e2e,0.313
222295,pf,matrix-eigen-rank-deficient-cov-01,eth-corpus,median_s,0.293,,,99648,B,ok,e2e,0.291
222295,pf,mtf-dual-tf-60-240-rising-01,eth-corpus,median_s,0.236,,,99540,B,ok,e2e,0.234
222295,pf,mtf-orbit-trend-01,eth-corpus,median_s,0.229,,,99708,B,ok,e2e,0.228
222295,pf,mtf-rangefinder-daily-reference-01,eth-corpus,median_s,0.245,,,99772,B,ok,e2e,0.241
222295,pf,mtf-roll-state-60-240-d-minimal-01,eth-corpus,median_s,0.25,,,68000,B,ok,e2e,0.248
222295,pf,order-dual-stop-far-only-01,eth-corpus,median_s,0.228,,,99196,B,ok,e2e,0.226
222295,pf,order-dual-stop-open-low-first-path-01,eth-corpus,median_s,0.224,,,99148,B,ok,e2e,0.223
222295,pf,order-same-id-stop-window-four-bars-01,eth-corpus,median_s,0.231,,,99148,B,ok,e2e,0.229
222295,pf,pyramid-deferred-flip-close-all-01,eth-corpus,median_s,0.29,,,99744,B,ok,e2e,0.288
222295,pf,pyramid-terrace-staged-entry-01,eth-corpus,median_s,0.248,,,99816,B,ok,e2e,0.248
222295,pf,ta-chandelier-exit-direction-01,eth-corpus,median_s,0.26,,,99308,B,ok,e2e,0.26
222295,pf,ta-inside-bar-engulfing-01,eth-corpus,median_s,0.315,,,99752,B,ok,e2e,0.314
222295,pf,ta-mantle-keltner-regime-01,eth-corpus,median_s,0.22,,,99756,B,ok,e2e,0.217
222295,pf,ta-quarry-alma-correlation-01,eth-corpus,median_s,0.26,,,99784,B,ok,e2e,0.258
222295,pf,ta-rsi14-cross-50-01,eth-corpus,median_s,0.35,,,99672,B,ok,e2e,0.342
222295,pf,udt-method-uses-history-globals-01,eth-corpus,median_s,0.215,,,99552,B,ok,e2e,0.214
222295,pf,udt-method-uses-na-nz-fixnan-01,eth-corpus,median_s,0.233,,,99724,B,ok,e2e,0.232
222295,pf,udt-method-var-instance-streak-01,eth-corpus,median_s,0.237,,,99700,B,ok,e2e,0.237
222295,pf,udt-tessellate-tuple-method-01,eth-corpus,median_s,0.226,,,99712,B,ok,e2e,0.224
222295,pc691,analyzer-parity-stop-limit-timing-01,eth-corpus,median_s,1.857,,,70480,B,ok,e2e,1.845
222295,pc691,bracket-exit-three-way-set-once-entry-01,eth-corpus,median_s,1.606,,,69272,B,ok,e2e,1.589
222295,pc691,bracket-same-id-exit-replace-01,eth-corpus,median_s,1.534,,,67836,B,ok,e2e,1.516
222295,pc691,bracket-tp-sl-oca-reduce-isolate-01,eth-corpus,median_s,2.467,,,75192,B,ok,e2e,2.463
222295,pc691,composite-boscurv-linreg-slope-channel-01,eth-corpus,median_s,3.694,,,72112,B,ok,e2e,3.681
222295,pc691,composite-ies-rsi-macd-momentum-01,eth-corpus,median_s,3.929,,,77212,B,ok,e2e,3.926
222295,pc691,composite-kkb-kalman-filter-1d-01,eth-corpus,median_s,3.57,,,76224,B,ok,e2e,3.529
222295,pc691,composite-kkb-margin-100-pct-01,eth-corpus,median_s,3.027,,,75616,B,ok,e2e,3.026
222295,pc691,composite-vcp-integration-01,eth-corpus,median_s,7.285,,,71032,B,ok,e2e,7.26
222295,pc691,composite-wunderscalper-explicit-reverse-01,eth-corpus,median_s,2.833,,,75568,B,ok,e2e,2.806
222295,pc691,magnifier-tick-dist-endpoints-rsi-cross-08a,eth-corpus,median_s,2.378,,,73648,B,ok,e2e,2.371
222295,pc691,matrix-eigen-rank-deficient-cov-01,eth-corpus,median_s,3.119,,,72324,B,ok,e2e,3.118
222295,pc691,mtf-dual-tf-60-240-rising-01,eth-corpus,median_s,573.277,,,71784,B,ok,e2e,566.375
222295,pc691,mtf-orbit-trend-01,eth-corpus,median_s,478.398,,,69028,B,ok,e2e,467.463
222295,pc691,mtf-rangefinder-daily-reference-01,eth-corpus,median_s,0.566,,,51020,B,run_error,e2e,0.566
222295,pc691,mtf-roll-state-60-240-d-minimal-01,eth-corpus,median_s,0.55,,,50988,B,run_error,e2e,0.55
222295,pc691,order-dual-stop-far-only-01,eth-corpus,median_s,,,,,B,no_compile,e2e,
222295,pc691,order-dual-stop-open-low-first-path-01,eth-corpus,median_s,,,,,B,no_compile,e2e,
222295,pc691,order-same-id-stop-window-four-bars-01,eth-corpus,median_s,,,,,B,no_compile,e2e,
222295,pc691,pyramid-deferred-flip-close-all-01,eth-corpus,median_s,,,,,B,no_compile,e2e,
222295,pc691,pyramid-terrace-staged-entry-01,eth-corpus,median_s,,,,,B,no_compile,e2e,
222295,pc691,ta-chandelier-exit-direction-01,eth-corpus,median_s,,,,,B,no_compile,e2e,
222295,pc691,ta-inside-bar-engulfing-01,eth-corpus,median_s,,,,,B,no_compile,e2e,
222295,pc691,ta-mantle-keltner-regime-01,eth-corpus,median_s,,,,,B,no_compile,e2e,
222295,pc691,ta-quarry-alma-correlation-01,eth-corpus,median_s,,,,,B,no_compile,e2e,
222295,pc691,ta-rsi14-cross-50-01,eth-corpus,median_s,,,,,B,no_compile,e2e,
222295,pc691,udt-method-uses-history-globals-01,eth-corpus,median_s,,,,,B,no_compile,e2e,
222295,pc691,udt-method-uses-na-nz-fixnan-01,eth-corpus,median_s,,,,,B,no_compile,e2e,
222295,pc691,udt-method-var-instance-streak-01,eth-corpus,median_s,,,,,B,no_compile,e2e,
222295,pc691,udt-tessellate-tuple-method-01,eth-corpus,median_s,,,,,B,no_compile,e2e,
32536,pf,C-aapl-01,aapl,median_s,0.116,,,49876,C,ok,e2e,0.115
32536,pf,C-aapl-02,aapl,median_s,0.113,,,49884,C,ok,e2e,0.113
32536,pf,C-aapl-03,aapl,median_s,0.116,,,49868,C,ok,e2e,0.116
32536,pf,C-aapl-04,aapl,median_s,0.112,,,49872,C,ok,e2e,0.111
32536,pf,C-aapl-05,aapl,median_s,0.133,,,49876,C,ok,e2e,0.132
32536,pf,C-aapl-06,aapl,median_s,0.126,,,49948,C,ok,e2e,0.124
32536,pf,C-aapl-07,aapl,median_s,0.17,,,49956,C,ok,e2e,0.168
32536,pf,C-aapl-08,aapl,median_s,0.262,,,49872,C,ok,e2e,0.26
32536,pf,C-aapl-09,aapl,median_s,0.193,,,49872,C,ok,e2e,0.192
32536,pf,C-aapl-10,aapl,median_s,0.113,,,49872,C,ok,e2e,0.11
32536,pf,C-aapl-11,aapl,median_s,0.114,,,49880,C,ok,e2e,0.113
175261,pf,C-btcusdt-01,btcusdt,median_s,0.255,,,85808,C,ok,e2e,0.254
175261,pf,C-btcusdt-02,btcusdt,median_s,0.489,,,85752,C,ok,e2e,0.486
1827,pf,C-btcusdt-1d-01,btcusdt-1d,median_s,0.104,,,47756,C,run_error,e2e,0.104
1827,pf,C-btcusdt-1d-02,btcusdt-1d,median_s,0.081,,,41832,C,ok,e2e,0.081
118005,pf,C-es1-01,es1,median_s,0.198,,,71780,C,ok,e2e,0.197
118005,pf,C-es1-02,es1,median_s,0.267,,,72024,C,ok,e2e,0.266
1259,pf,C-es1-1d-01,es1-1d,median_s,0.083,,,41548,C,ok,e2e,0.083
1259,pf,C-es1-1d-02,es1-1d,median_s,0.082,,,41532,C,ok,e2e,0.082
222295,pf,C-eth-01,eth,median_s,0.538,,,99744,C,ok,e2e,0.536
222295,pf,C-eth-02,eth,median_s,0.249,,,99752,C,ok,e2e,0.249
124590,pf,C-eurusd-01,eurusd,median_s,0.211,,,73260,C,ok,e2e,0.208
124590,pf,C-eurusd-02,eurusd,median_s,0.274,,,73500,C,ok,e2e,0.272
32512,pf,C-f-01,f,median_s,0.119,,,49864,C,ok,e2e,0.118
1255,pf,C-f-1d-01,f-1d,median_s,0.082,,,41544,C,ok,e2e,0.08
1255,pf,C-f-1d-02,f-1d,median_s,0.08,,,41544,C,ok,e2e,0.08
30868,pf,C-nifty-01,nifty,median_s,0.119,,,49500,C,ok,e2e,0.119
30868,pf,C-nifty-02,nifty,median_s,0.214,,,49496,C,ok,e2e,0.213
1240,pf,C-es1-1d-02,nifty-1d,median_s,0.085,,,41564,C,ok,e2e,0.085
1240,pf,C-nifty-1d-01,nifty-1d,median_s,0.081,,,41680,C,ok,e2e,0.081
118005,pf,C-eth-02,nq1,median_s,0.207,,,71264,C,ok,e2e,0.206
118005,pf,C-nq1-01,nq1,median_s,0.214,,,71132,C,ok,e2e,0.213
1259,pf,C-nq1-1d-01,nq1-1d,median_s,0.081,,,41712,C,ok,e2e,0.081
1259,pf,C-nq1-1d-02,nq1-1d,median_s,0.085,,,42000,C,ok,e2e,0.085
118249,pf,C-xauusd-01,xauusd,median_s,0.215,,,71320,C,ok,e2e,0.214
118249,pf,C-xauusd-02,xauusd,median_s,0.227,,,71512,C,ok,e2e,0.224
1291,pf,C-xauusd-1d-01,xauusd-1d,median_s,0.082,,,41544,C,ok,e2e,0.082
1291,pf,C-xauusd-1d-02,xauusd-1d,median_s,0.103,,,48016,C,run_error,e2e,0.103
32536,pc691,C-aapl-01,aapl,median_s,1.202,,,46484,C,ok,e2e,1.198
32536,pc691,C-aapl-02,aapl,median_s,1.137,,,45996,C,ok,e2e,1.114
32536,pc691,C-aapl-03,aapl,median_s,1.234,,,46728,C,ok,e2e,1.217
32536,pc691,C-aapl-04,aapl,median_s,0.671,,,46120,C,ok,e2e,0.644
32536,pc691,C-aapl-05,aapl,median_s,109.985,,,49740,C,ok,e2e,102.896
32536,pc691,C-aapl-06,aapl,median_s,1.046,,,48416,C,ok,e2e,1.02
32536,pc691,C-aapl-07,aapl,median_s,89.837,,,52408,C,ok,e2e,86.235
32536,pc691,C-aapl-08,aapl,median_s,23.174,,,59448,C,run_error,e2e,23.174
32536,pc691,C-aapl-10,aapl,median_s,0.881,,,46120,C,ok,e2e,0.877
32536,pc691,C-aapl-11,aapl,median_s,1.038,,,46120,C,ok,e2e,1.033
175261,pc691,C-btcusdt-01,btcusdt,median_s,7.378,,,63816,C,ok,e2e,7.355
175261,pc691,C-btcusdt-02,btcusdt,median_s,21.761,,,69768,C,ok,e2e,21.659
1827,pc691,C-btcusdt-1d-01,btcusdt-1d,median_s,0.886,,,54456,C,run_error,e2e,0.886
1827,pc691,C-btcusdt-1d-02,btcusdt-1d,median_s,0.241,,,42180,C,ok,e2e,0.239
118005,pc691,C-es1-01,es1,median_s,3.085,,,57664,C,ok,e2e,3.079
118005,pc691,C-es1-02,es1,median_s,3.152,,,64544,C,ok,e2e,3.138
1259,pc691,C-es1-1d-01,es1-1d,median_s,0.264,,,41640,C,ok,e2e,0.257
1259,pc691,C-es1-1d-02,es1-1d,median_s,0.739,,,53924,C,run_error,e2e,0.739
222295,pc691,C-eth-01,eth,median_s,35.874,,,76732,C,ok,e2e,35.734
222295,pc691,C-eth-02,eth,median_s,4.218,,,76484,C,ok,e2e,4.191
124590,pc691,C-eurusd-01,eurusd,median_s,3.185,,,59676,C,ok,e2e,3.166
124590,pc691,C-eurusd-02,eurusd,median_s,3.423,,,65904,C,ok,e2e,3.388
32512,pc691,C-f-01,f,median_s,0.954,,,47112,C,ok,e2e,0.946
1255,pc691,C-f-1d-01,f-1d,median_s,0.288,,,42220,C,ok,e2e,0.288
1255,pc691,C-f-1d-02,f-1d,median_s,0.29,,,42664,C,ok,e2e,0.29
30868,pc691,C-nifty-01,nifty,median_s,1.278,,,47752,C,ok,e2e,1.266
30868,pc691,C-nifty-02,nifty,median_s,8.495,,,50168,C,ok,e2e,8.486
1240,pc691,C-es1-1d-02,nifty-1d,median_s,0.747,,,53636,C,run_error,e2e,0.747
1240,pc691,C-nifty-1d-01,nifty-1d,median_s,0.286,,,42264,C,ok,e2e,0.283
118005,pc691,C-eth-02,nq1,median_s,2.325,,,60420,C,ok,e2e,2.296
118005,pc691,C-nq1-01,nq1,median_s,2.9,,,58100,C,ok,e2e,2.877
1259,pc691,C-nq1-1d-01,nq1-1d,median_s,0.263,,,42340,C,ok,e2e,0.248
1259,pc691,C-nq1-1d-02,nq1-1d,median_s,0.708,,,49420,C,ok,e2e,0.697
118249,pc691,C-xauusd-01,xauusd,median_s,4.341,,,59804,C,ok,e2e,4.307
118249,pc691,C-xauusd-02,xauusd,median_s,5.691,,,59764,C,ok,e2e,5.687
1291,pc691,C-xauusd-1d-01,xauusd-1d,median_s,0.253,,,42232,C,ok,e2e,0.252
1291,pc691,C-xauusd-1d-02,xauusd-1d,median_s,0.922,,,54916,C,run_error,e2e,0.922
53929,pf,01-sma-cross,eth-suite,bars_per_s,,,,,A,ok,inproc,6134740.4176319325
53929,pf,02-inside-bar,eth-suite,bars_per_s,,,,,A,ok,inproc,5808418.58267435
53929,pf,03-supertrend,eth-suite,bars_per_s,,,,,A,ok,inproc,7326307.392453234
53929,pf,04-macd-histogram,eth-suite,bars_per_s,,,,,A,ok,inproc,5412947.391960867
53929,pf,05-stoch-rsi,eth-suite,bars_per_s,,,,,A,ok,inproc,4539132.33040749
53929,pf,06-liquidity-sweep,eth-suite,bars_per_s,,,,,A,ok,inproc,4290542.1586004095
53929,pf,07-scalping-strategy,eth-suite,bars_per_s,,,,,A,ok,inproc,6009062.67692271
53929,pf,08-4ema-rsi,eth-suite,bars_per_s,,,,,A,ok,inproc,5518318.127064675
53929,pf,09-kkb-kalman,eth-suite,bars_per_s,,,,,A,ok,inproc,8281769.035867804
53929,pf,10-market-shift,eth-suite,bars_per_s,,,,,A,ok,inproc,2794046.0277492823
53929,pf,100-matrix-bool-mask-no-transpose-01,eth-suite,bars_per_s,,,,,A,ok,inproc,2255336.606761619
53929,pf,11-greedy,eth-suite,bars_per_s,,,,,A,ok,inproc,8552278.416474978
53929,pf,12-keltner,eth-suite,bars_per_s,,,,,A,ok,inproc,5617433.888201931
53929,pf,13-stoch-slow-k-d-cross,eth-suite,bars_per_s,,,,,A,ok,inproc,3786983.46181789
53929,pf,14-pivot-ext,eth-suite,bars_per_s,,,,,A,ok,inproc,4539358.898991878
53929,pf,15-stochastic-slow,eth-suite,bars_per_s,,,,,A,ok,inproc,6431781.245255534
53929,pf,16-volty-expan,eth-suite,bars_per_s,,,,,A,ok,inproc,2913336.543663205
53929,pf,17-bos-curv,eth-suite,bars_per_s,,,,,A,ok,inproc,4862783.641339387
53929,pf,18-kanuck,eth-suite,bars_per_s,,,,,A,ok,inproc,846473.0050782101
53929,pf,19-scalping-wunder-bots,eth-suite,bars_per_s,,,,,A,ok,inproc,3011807.139572903
53929,pf,20-bb-squeeze,eth-suite,bars_per_s,,,,,A,ok,inproc,4578053.999797622
53929,pf,21-dmi-adx-trend,eth-suite,bars_per_s,,,,,A,ok,inproc,4778808.316964305
53929,pf,22-hma-cross,eth-suite,bars_per_s,,,,,A,ok,inproc,3511449.079430477
53929,pf,23-cci-momentum,eth-suite,bars_per_s,,,,,A,ok,inproc,4621212.90021834
53929,pf,24-tsi-signal,eth-suite,bars_per_s,,,,,A,ok,inproc,6156265.88895137
53929,pf,25-linreg-channel,eth-suite,bars_per_s,,,,,A,ok,inproc,5145886.635150827
53929,pf,26-aroon-oscillator,eth-suite,bars_per_s,,,,,A,ok,inproc,4186567.723238909
53929,pf,27-donchian-breakout,eth-suite,bars_per_s,,,,,A,ok,inproc,4282528.563557858
53929,pf,28-elder-ray,eth-suite,bars_per_s,,,,,A,ok,inproc,5660327.84958132
53929,pf,29-chandelier-exit,eth-suite,bars_per_s,,,,,A,ok,inproc,5266049.298087939
53929,pf,30-atr-trailing-stop,eth-suite,bars_per_s,,,,,A,ok,inproc,4806729.439040797
53929,pf,31-vwma-divergence,eth-suite,bars_per_s,,,,,A,ok,inproc,5608432.6266868375
53929,pf,32-momentum-roc,eth-suite,bars_per_s,,,,,A,ok,inproc,3569271.1886965646
53929,pf,33-mean-reversion-bb,eth-suite,bars_per_s,,,,,A,ok,inproc,5940477.798195374
53929,pf,34-dual-ma-switch,eth-suite,bars_per_s,,,,,A,ok,inproc,7157977.895467694
53929,pf,35-ema-ribbon-loop,eth-suite,bars_per_s,,,,,A,ok,inproc,6859157.380198455
53929,pf,36-pivot-array-breakout,eth-suite,bars_per_s,,,,,A,ok,inproc,6190525.714288338
53929,pf,37-range-filter-while,eth-suite,bars_per_s,,,,,A,ok,inproc,9161234.603302522
53929,pf,38-adaptive-ma-func,eth-suite,bars_per_s,,,,,A,ok,inproc,4843218.438949574
53929,pf,39-candle-pattern,eth-suite,bars_per_s,,,,,A,ok,inproc,6188389.640537744
53929,pf,40-dual-thrust,eth-suite,bars_per_s,,,,,A,ok,inproc,3598906.36063272
53929,pf,41-volume-breakout,eth-suite,bars_per_s,,,,,A,ok,inproc,6057063.016861927
53929,pf,42-ma-stack-array,eth-suite,bars_per_s,,,,,A,ok,inproc,5689095.35377008
53929,pf,43-swing-pivot-atr,eth-suite,bars_per_s,,,,,A,ok,inproc,4547719.132785404
53929,pf,44-median-cross,eth-suite,bars_per_s,,,,,A,ok,inproc,1825527.7008570458
53929,pf,45-multi-indicator-score,eth-suite,bars_per_s,,,,,A,ok,inproc,3362130.27726462
53929,pf,46-rsi-bands,eth-suite,bars_per_s,,,,,A,ok,inproc,6578992.313427884
53929,pf,47-supertrend-adx-filter,eth-suite,bars_per_s,,,,,A,ok,inproc,5926189.496087632
53929,pf,48-bracket-exit-tp-sl,eth-suite,bars_per_s,,,,,A,ok,inproc,6988939.69740816
53929,pf,49-partial-exit-qty-percent,eth-suite,bars_per_s,,,,,A,ok,inproc,4733308.283987262
53929,pf,50-close-immediate-vs-next-bar,eth-suite,bars_per_s,,,,,A,ok,inproc,4418708.633241775
53929,pf,51-order-deferred-flip-guaranteed-gap-stops-01,eth-suite,bars_per_s,,,,,A,ok,inproc,4455684.246497022
53929,pf,52-barstate-isconfirmed-magnifier-off-01b,eth-suite,bars_per_s,,,,,A,ok,inproc,7275402.3569071265
53929,pf,53-barstate-isconfirmed-magnifier-on-01a,eth-suite,bars_per_s,,,,,A,ok,inproc,7539381.521588083
53929,pf,54-composite-ies-integration-01,eth-suite,bars_per_s,,,,,A,ok,inproc,4604414.309005729
53929,pf,55-composite-ies-pressure-gauge-01,eth-suite,bars_per_s,,,,,A,ok,inproc,5363693.615524745
53929,pf,56-composite-vcp-integration-01,eth-suite,bars_per_s,,,,,A,ok,inproc,1376012.822135984
53929,pf,57-oca-exit-bracket-internal-cancel-01,eth-suite,bars_per_s,,,,,A,ok,inproc,6564717.900575728
53929,pf,58-oca-multi-bracket-isolation-01,eth-suite,bars_per_s,,,,,A,ok,inproc,5615103.690804355
53929,pf,59-order-deferred-flip-pooc-cross-bar-01,eth-suite,bars_per_s,,,,,A,ok,inproc,3679099.8625002173
53929,pf,60-recompute-alma-sar-corr-magnifier-01,eth-suite,bars_per_s,,,,,A,ok,inproc,4578869.107886796
53929,pf,61-analyzer-parity-edge-margin-50-pct-01,eth-suite,bars_per_s,,,,,A,ok,inproc,8433010.351231309
53929,pf,62-analyzer-parity-percent-of-equity-sizing-01,eth-suite,bars_per_s,,,,,A,ok,inproc,8727736.818494018
53929,pf,63-analyzer-parity-small-equity-fraction-01,eth-suite,bars_per_s,,,,,A,ok,inproc,8656657.097563121
53929,pf,64-composite-vcp-cumulative-volume-delta-01,eth-suite,bars_per_s,,,,,A,ok,inproc,6264518.840486107
53929,pf,65-bracket-atr-trail-series-int-points-01,eth-suite,bars_per_s,,,,,A,ok,inproc,5919622.0504247425
53929,pf,66-bracket-entry-exit-same-pass-attach-01,eth-suite,bars_per_s,,,,,A,ok,inproc,5893662.070188009
53929,pf,67-bracket-exit-stop-limit-trail-same-bar-01,eth-suite,bars_per_s,,,,,A,ok,inproc,5455739.204153439
53929,pf,68-bracket-exit-three-way-set-once-entry-01,eth-suite,bars_per_s,,,,,A,ok,inproc,6111703.568380839
53929,pf,69-bracket-exit-tp-sl-fixed-01,eth-suite,bars_per_s,,,,,A,ok,inproc,6913095.155077714
53929,pf,70-bracket-narrow-stop-limit-with-trail8-01,eth-suite,bars_per_s,,,,,A,ok,inproc,6304676.665097385
53929,pf,71-bracket-partial-exit-qty-percent-01,eth-suite,bars_per_s,,,,,A,ok,inproc,4602063.465961635
53929,pf,72-bracket-same-id-exit-replace-01,eth-suite,bars_per_s,,,,,A,ok,inproc,7170937.551318098
53929,pf,73-bracket-tp-sl-oca-reduce-isolate-01,eth-suite,bars_per_s,,,,,A,ok,inproc,5001729.723513203
53929,pf,74-bracket-trail-points-no-offset-explicit-01,eth-suite,bars_per_s,,,,,A,ok,inproc,6254557.195698205
53929,pf,75-composite-4emarsi-rsi-pullback-latch-01,eth-suite,bars_per_s,,,,,A,ok,inproc,7612602.400788009
53929,pf,76-analyzer-parity-choch-bos-isolator-01,eth-suite,bars_per_s,,,,,A,ok,inproc,7355934.963763199
53929,pf,77-composite-scalping-fast-ma-cross-trigger-01,eth-suite,bars_per_s,,,,,A,ok,inproc,5552947.611349064
53929,pf,78-cap-max-intraday-filled-orders-isolate-01,eth-suite,bars_per_s,,,,,A,ok,inproc,5844799.435559431
53929,pf,79-composite-kanuck-kama-state-recurrence-01,eth-suite,bars_per_s,,,,,A,ok,inproc,4823217.268099832
53929,pf,80-magnifier-tick-dist-volume-weighted-on-01,eth-suite,bars_per_s,,,,,A,ok,inproc,8525736.407735372
53929,pf,81-magnifier-tick-dist-endpoints-rsi-cross-08a,eth-suite,bars_per_s,,,,,A,ok,inproc,5058547.701826242
53929,pf,82-matrix-covariance-eigen-pca-01,eth-suite,bars_per_s,,,,,A,ok,inproc,1969960.9178515081
53929,pf,83-matrix-bool-mask-explicit-utc-tz-01,eth-suite,bars_per_s,,,,,A,ok,inproc,1048201.4653751139
53929,pf,84-na-nz-fixnan-history-chain-01,eth-suite,bars_per_s,,,,,A,ok,inproc,5886374.814362366
53929,pf,85-oca-raw-strategy-order-reduce-01,eth-suite,bars_per_s,,,,,A,ok,inproc,6124386.286616826
53929,pf,86-order-range-expansion-pending-stop-01,eth-suite,bars_per_s,,,,,A,ok,inproc,5295120.308385356
53929,pf,87-pyramid-deferred-flip-close-all-01,eth-suite,bars_per_s,,,,,A,ok,inproc,4313864.455913455
53929,pf,88-order-stop-entry-cancel-opposite-01,eth-suite,bars_per_s,,,,,A,ok,inproc,5158053.316685957
53929,pf,89-session-ny-spring-forward-dst-01,eth-suite,bars_per_s,,,,,A,ok,inproc,3611868.2579274043
53929,pf,90-ta-hma-55-close-cross-01,eth-suite,bars_per_s,,,,,A,ok,inproc,3681173.2245620787
53929,pf,91-pyramid-close-id-grouping-01,eth-suite,bars_per_s,,,,,A,ok,inproc,2825952.376186353
53929,pf,92-session-hour-minute-pulse-filter-01,eth-suite,bars_per_s,,,,,A,ok,inproc,6051701.543801644
53929,pf,93-analyzer-parity-stop-limit-timing-01,eth-suite,bars_per_s,,,,,A,ok,inproc,5679221.950068045
53929,pf,94-ta-hma-fast-slow-cross-01,eth-suite,bars_per_s,,,,,A,ok,inproc,3505788.2007009625
53929,pf,95-cap-risk-gates-allow-max-intraday-01,eth-suite,bars_per_s,,,,,A,ok,inproc,3974444.8700078907
53929,pf,96-composite-ies-rsi-macd-momentum-01,eth-suite,bars_per_s,,,,,A,ok,inproc,3573074.065441273
53929,pf,97-composite-scalping-integration-01,eth-suite,bars_per_s,,,,,A,ok,inproc,6456520.757925548
53929,pf,98-magnifier-tick-dist-endpoints-01,eth-suite,bars_per_s,,,,,A,ok,inproc,8396142.093444739
53929,pf,99-matrix-eigen-rank-deficient-cov-01,eth-suite,bars_per_s,,,,,A,ok,inproc,2771701.843639916
53929,pc691,01-sma-cross,eth-suite,bars_per_s,,,,,A,ok,inproc,77031.18573466144
53929,pc691,02-inside-bar,eth-suite,bars_per_s,,,,,A,ok,inproc,76921.56894314953
53929,pc691,03-supertrend,eth-suite,bars_per_s,,,,,A,ok,inproc,90534.95802114303
53929,pc691,04-macd-histogram,eth-suite,bars_per_s,,,,,A,ok,inproc,74665.45910457378
53929,pc691,05-stoch-rsi,eth-suite,bars_per_s,,,,,A,ok,inproc,67941.0605901034
53929,pc691,06-liquidity-sweep,eth-suite,bars_per_s,,,,,A,ok,inproc,78894.00970521984
53929,pc691,07-scalping-strategy,eth-suite,bars_per_s,,,,,A,ok,inproc,103633.98589256064
53929,pc691,08-4ema-rsi,eth-suite,bars_per_s,,,,,A,ok,inproc,74540.57925263124
53929,pc691,09-kkb-kalman,eth-suite,bars_per_s,,,,,A,ok,inproc,76974.09427287047
53929,pc691,10-market-shift,eth-suite,bars_per_s,,,,,A,ok,inproc,43132.612323918074
53929,pc691,100-matrix-bool-mask-no-transpose-01,eth-suite,bars_per_s,,,,,A,ok,inproc,11620.107108497261
53929,pc691,11-greedy,eth-suite,bars_per_s,,,,,A,ok,inproc,153054.5440088817
53929,pc691,12-keltner,eth-suite,bars_per_s,,,,,A,ok,inproc,80013.23547015378
53929,pc691,13-stoch-slow-k-d-cross,eth-suite,bars_per_s,,,,,A,ok,inproc,49605.83405154816
53929,pc691,14-pivot-ext,eth-suite,bars_per_s,,,,,A,ok,inproc,51792.82836002756
53929,pc691,15-stochastic-slow,eth-suite,bars_per_s,,,,,A,ok,inproc,78011.58431161681
53929,pc691,16-volty-expan,eth-suite,bars_per_s,,,,,A,ok,inproc,42140.490163266084
53929,pc691,17-bos-curv,eth-suite,bars_per_s,,,,,A,ok,inproc,44559.68795774867
53929,pc691,18-kanuck,eth-suite,bars_per_s,,,,,A,ok,inproc,18441.38105460211
53929,pc691,19-scalping-wunder-bots,eth-suite,bars_per_s,,,,,A,ok,inproc,33086.731605629764
53929,pc691,20-bb-squeeze,eth-suite,bars_per_s,,,,,A,ok,inproc,72306.18300093852
53929,pc691,21-dmi-adx-trend,eth-suite,bars_per_s,,,,,A,ok,inproc,71066.25154298032
53929,pc691,22-hma-cross,eth-suite,bars_per_s,,,,,A,ok,inproc,41192.06136333772
53929,pc691,23-cci-momentum,eth-suite,bars_per_s,,,,,A,ok,inproc,61766.91269530533
53929,pc691,24-tsi-signal,eth-suite,bars_per_s,,,,,A,ok,inproc,77763.4694954972
53929,pc691,25-linreg-channel,eth-suite,bars_per_s,,,,,A,ok,inproc,94186.26317950788
53929,pc691,26-aroon-oscillator,eth-suite,bars_per_s,,,,,A,ok,inproc,62475.33522328608
53929,pc691,27-donchian-breakout,eth-suite,bars_per_s,,,,,A,ok,inproc,74266.24201673186
53929,pc691,28-elder-ray,eth-suite,bars_per_s,,,,,A,ok,inproc,80199.44927431231
53929,pc691,29-chandelier-exit,eth-suite,bars_per_s,,,,,A,ok,inproc,71521.89102940916
53929,pc691,30-atr-trailing-stop,eth-suite,bars_per_s,,,,,A,ok,inproc,62609.149300944046
53929,pc691,31-vwma-divergence,eth-suite,bars_per_s,,,,,A,ok,inproc,66237.40373018416
53929,pc691,32-momentum-roc,eth-suite,bars_per_s,,,,,A,ok,inproc,53460.06647331865
53929,pc691,33-mean-reversion-bb,eth-suite,bars_per_s,,,,,A,ok,inproc,98553.86759703732
53929,pc691,34-dual-ma-switch,eth-suite,bars_per_s,,,,,A,ok,inproc,88520.75085602491
53929,pc691,35-ema-ribbon-loop,eth-suite,bars_per_s,,,,,A,ok,inproc,93715.17264649834
53929,pc691,36-pivot-array-breakout,eth-suite,bars_per_s,,,,,A,ok,inproc,63319.18007766056
53929,pc691,37-range-filter-while,eth-suite,bars_per_s,,,,,A,ok,inproc,96698.68009376794
53929,pc691,38-adaptive-ma-func,eth-suite,bars_per_s,,,,,A,ok,inproc,57255.2341844025
53929,pc691,39-candle-pattern,eth-suite,bars_per_s,,,,,A,ok,inproc,77269.52102245993
53929,pc691,40-dual-thrust,eth-suite,bars_per_s,,,,,A,ok,inproc,62258.283547515435
53929,pc691,41-volume-breakout,eth-suite,bars_per_s,,,,,A,ok,inproc,106810.16451546055
53929,pc691,42-ma-stack-array,eth-suite,bars_per_s,,,,,A,ok,inproc,82050.70012096457
53929,pc691,43-swing-pivot-atr,eth-suite,bars_per_s,,,,,A,ok,inproc,67188.0592457676
53929,pc691,44-median-cross,eth-suite,bars_per_s,,,,,A,ok,inproc,67138.57063973774
53929,pc691,45-multi-indicator-score,eth-suite,bars_per_s,,,,,A,ok,inproc,51884.40360378914
53929,pc691,46-rsi-bands,eth-suite,bars_per_s,,,,,A,ok,inproc,98624.86139068421
53929,pc691,47-supertrend-adx-filter,eth-suite,bars_per_s,,,,,A,ok,inproc,89611.67832937844
53929,pc691,48-bracket-exit-tp-sl,eth-suite,bars_per_s,,,,,A,ok,inproc,187721.1893426146
53929,pc691,49-partial-exit-qty-percent,eth-suite,bars_per_s,,,,,A,ok,inproc,108568.61065311228
53929,pc691,50-close-immediate-vs-next-bar,eth-suite,bars_per_s,,,,,A,ok,inproc,156336.24806844114
53929,pc691,51-order-deferred-flip-guaranteed-gap-stops-01,eth-suite,bars_per_s,,,,,A,ok,inproc,97345.7987195709
53929,pc691,52-barstate-isconfirmed-magnifier-off-01b,eth-suite,bars_per_s,,,,,A,ok,inproc,123733.84125491249
53929,pc691,53-barstate-isconfirmed-magnifier-on-01a,eth-suite,bars_per_s,,,,,A,ok,inproc,124022.32581243833
53929,pc691,54-composite-ies-integration-01,eth-suite,bars_per_s,,,,,A,ok,inproc,68329.7703759118
53929,pc691,55-composite-ies-pressure-gauge-01,eth-suite,bars_per_s,,,,,A,ok,inproc,79589.6492339572
53929,pc691,56-composite-vcp-integration-01,eth-suite,bars_per_s,,,,,A,ok,inproc,32869.40172046783
53929,pc691,57-oca-exit-bracket-internal-cancel-01,eth-suite,bars_per_s,,,,,A,ok,inproc,145154.68290663577
53929,pc691,58-oca-multi-bracket-isolation-01,eth-suite,bars_per_s,,,,,A,ok,inproc,102360.55717716015
53929,pc691,59-order-deferred-flip-pooc-cross-bar-01,eth-suite,bars_per_s,,,,,A,ok,inproc,89892.97894895924
53929,pc691,60-recompute-alma-sar-corr-magnifier-01,eth-suite,bars_per_s,,,,,A,ok,inproc,78482.18056116404
53929,pc691,61-analyzer-parity-edge-margin-50-pct-01,eth-suite,bars_per_s,,,,,A,ok,inproc,206406.21921239913
53929,pc691,62-analyzer-parity-percent-of-equity-sizing-01,eth-suite,bars_per_s,,,,,A,ok,inproc,220591.5244620535
53929,pc691,63-analyzer-parity-small-equity-fraction-01,eth-suite,bars_per_s,,,,,A,ok,inproc,205548.80306937432
53929,pc691,64-composite-vcp-cumulative-volume-delta-01,eth-suite,bars_per_s,,,,,A,ok,inproc,86691.77322833877
53929,pc691,65-bracket-atr-trail-series-int-points-01,eth-suite,bars_per_s,,,,,A,ok,inproc,163829.83699710434
53929,pc691,66-bracket-entry-exit-same-pass-attach-01,eth-suite,bars_per_s,,,,,A,ok,inproc,156740.38636317773
53929,pc691,67-bracket-exit-stop-limit-trail-same-bar-01,eth-suite,bars_per_s,,,,,A,ok,inproc,154879.78265675786
53929,pc691,68-bracket-exit-three-way-set-once-entry-01,eth-suite,bars_per_s,,,,,A,ok,inproc,176757.51290717584
53929,pc691,69-bracket-exit-tp-sl-fixed-01,eth-suite,bars_per_s,,,,,A,ok,inproc,188499.49973129673
53929,pc691,70-bracket-narrow-stop-limit-with-trail8-01,eth-suite,bars_per_s,,,,,A,ok,inproc,177442.95790794026
53929,pc691,71-bracket-partial-exit-qty-percent-01,eth-suite,bars_per_s,,,,,A,ok,inproc,107385.22815699104
53929,pc691,72-bracket-same-id-exit-replace-01,eth-suite,bars_per_s,,,,,A,ok,inproc,186083.8717679543
53929,pc691,73-bracket-tp-sl-oca-reduce-isolate-01,eth-suite,bars_per_s,,,,,A,ok,inproc,103979.82996832741
53929,pc691,74-bracket-trail-points-no-offset-explicit-01,eth-suite,bars_per_s,,,,,A,ok,inproc,173942.9460815056
53929,pc691,75-composite-4emarsi-rsi-pullback-latch-01,eth-suite,bars_per_s,,,,,A,ok,inproc,96357.51718155359
53929,pc691,76-analyzer-parity-choch-bos-isolator-01,eth-suite,bars_per_s,,,,,A,ok,inproc,94944.71747039033
53929,pc691,77-composite-scalping-fast-ma-cross-trigger-01,eth-suite,bars_per_s,,,,,A,ok,inproc,81799.42945834575
53929,pc691,78-cap-max-intraday-filled-orders-isolate-01,eth-suite,bars_per_s,,,,,A,ok,inproc,99876.32477808071
53929,pc691,79-composite-kanuck-kama-state-recurrence-01,eth-suite,bars_per_s,,,,,A,ok,inproc,62383.113214568286
53929,pc691,80-magnifier-tick-dist-volume-weighted-on-01,eth-suite,bars_per_s,,,,,A,ok,inproc,162765.1944035864
53929,pc691,81-magnifier-tick-dist-endpoints-rsi-cross-08a,eth-suite,bars_per_s,,,,,A,ok,inproc,108046.64100756121
53929,pc691,82-matrix-covariance-eigen-pca-01,eth-suite,bars_per_s,,,,,A,ok,inproc,51086.11884093092
53929,pc691,83-matrix-bool-mask-explicit-utc-tz-01,eth-suite,bars_per_s,,,,,A,ok,inproc,10208.98374486267
53929,pc691,84-na-nz-fixnan-history-chain-01,eth-suite,bars_per_s,,,,,A,ok,inproc,80068.57477236124
53929,pc691,85-oca-raw-strategy-order-reduce-01,eth-suite,bars_per_s,,,,,A,ok,inproc,173687.0795937073
53929,pc691,86-order-range-expansion-pending-stop-01,eth-suite,bars_per_s,,,,,A,ok,inproc,66686.39835857358
53929,pc691,87-pyramid-deferred-flip-close-all-01,eth-suite,bars_per_s,,,,,A,ok,inproc,75866.57558100852
53929,pc691,88-order-stop-entry-cancel-opposite-01,eth-suite,bars_per_s,,,,,A,ok,inproc,77278.80754052525
53929,pc691,89-session-ny-spring-forward-dst-01,eth-suite,bars_per_s,,,,,A,ok,inproc,100433.00183334878
53929,pc691,90-ta-hma-55-close-cross-01,eth-suite,bars_per_s,,,,,A,ok,inproc,49107.92676871595
53929,pc691,91-pyramid-close-id-grouping-01,eth-suite,bars_per_s,,,,,A,ok,inproc,111493.53618451608
53929,pc691,92-session-hour-minute-pulse-filter-01,eth-suite,bars_per_s,,,,,A,ok,inproc,191030.06497041293
53929,pc691,93-analyzer-parity-stop-limit-timing-01,eth-suite,bars_per_s,,,,,A,ok,inproc,143038.99455869893
53929,pc691,94-ta-hma-fast-slow-cross-01,eth-suite,bars_per_s,,,,,A,ok,inproc,41372.61997049239
53929,pc691,95-cap-risk-gates-allow-max-intraday-01,eth-suite,bars_per_s,,,,,A,ok,inproc,150507.98377189646
53929,pc691,96-composite-ies-rsi-macd-momentum-01,eth-suite,bars_per_s,,,,,A,ok,inproc,57473.466375503864
53929,pc691,97-composite-scalping-integration-01,eth-suite,bars_per_s,,,,,A,ok,inproc,111407.49423664175
53929,pc691,98-magnifier-tick-dist-endpoints-01,eth-suite,bars_per_s,,,,,A,ok,inproc,163128.16177081835
53929,pc691,99-matrix-eigen-rank-deficient-cov-01,eth-suite,bars_per_s,,,,,A,ok,inproc,77792.58633925862
222295,pf,analyzer-parity-stop-limit-timing-01,eth-corpus,bars_per_s,,,,,B,ok,inproc,5490244.815843835
222295,pf,bracket-exit-three-way-set-once-entry-01,eth-corpus,bars_per_s,,,,,B,ok,inproc,6075073.306986836
222295,pf,bracket-same-id-exit-replace-01,eth-corpus,bars_per_s,,,,,B,ok,inproc,7564683.926240257
222295,pf,bracket-tp-sl-oca-reduce-isolate-01,eth-corpus,bars_per_s,,,,,B,ok,inproc,4830288.777802545
222295,pf,composite-boscurv-linreg-slope-channel-01,eth-corpus,bars_per_s,,,,,B,ok,inproc,3733671.5380167025
222295,pf,composite-ies-rsi-macd-momentum-01,eth-corpus,bars_per_s,,,,,B,ok,inproc,3558841.9239087114
222295,pf,composite-kkb-kalman-filter-1d-01,eth-corpus,bars_per_s,,,,,B,ok,inproc,5527419.839109426
222295,pf,composite-kkb-margin-100-pct-01,eth-corpus,bars_per_s,,,,,B,ok,inproc,5478457.950188977
222295,pf,composite-vcp-integration-01,eth-corpus,bars_per_s,,,,,B,ok,inproc,1375887.7824699103
222295,pf,composite-wunderscalper-explicit-reverse-01,eth-corpus,bars_per_s,,,,,B,ok,inproc,5235952.198991575
222295,pf,magnifier-tick-dist-endpoints-rsi-cross-08a,eth-corpus,bars_per_s,,,,,B,ok,inproc,4937006.774045463
222295,pf,matrix-eigen-rank-deficient-cov-01,eth-corpus,bars_per_s,,,,,B,ok,inproc,2787733.4511222146
222295,pf,mtf-dual-tf-60-240-rising-01,eth-corpus,bars_per_s,,,,,B,ok,inproc,7095020.418830103
222295,pf,mtf-orbit-trend-01,eth-corpus,bars_per_s,,,,,B,ok,inproc,4686400.941264667
222295,pf,mtf-rangefinder-daily-reference-01,eth-corpus,bars_per_s,,,,,B,ok,inproc,3915518.3691349463
222295,pf,mtf-roll-state-60-240-d-minimal-01,eth-corpus,bars_per_s,,,,,B,ok,inproc,2832741.3029954997
222295,pf,order-dual-stop-far-only-01,eth-corpus,bars_per_s,,,,,B,ok,inproc,6297827.059139003
222295,pf,order-dual-stop-open-low-first-path-01,eth-corpus,bars_per_s,,,,,B,ok,inproc,7158707.082014125
222295,pf,order-same-id-stop-window-four-bars-01,eth-corpus,bars_per_s,,,,,B,ok,inproc,6248984.833375491
222295,pf,pyramid-deferred-flip-close-all-01,eth-corpus,bars_per_s,,,,,B,ok,inproc,4188516.656690374
222295,pf,pyramid-terrace-staged-entry-01,eth-corpus,bars_per_s,,,,,B,ok,inproc,5709504.460885059
222295,pf,ta-chandelier-exit-direction-01,eth-corpus,bars_per_s,,,,,B,ok,inproc,5143350.817803076
222295,pf,ta-inside-bar-engulfing-01,eth-corpus,bars_per_s,,,,,B,ok,inproc,4950173.479313365
222295,pf,ta-mantle-keltner-regime-01,eth-corpus,bars_per_s,,,,,B,ok,inproc,9166826.048491167
222295,pf,ta-quarry-alma-correlation-01,eth-corpus,bars_per_s,,,,,B,ok,inproc,3168297.024706916
222295,pf,ta-rsi14-cross-50-01,eth-corpus,bars_per_s,,,,,B,ok,inproc,4900943.05480954
222295,pf,udt-method-uses-history-globals-01,eth-corpus,bars_per_s,,,,,B,ok,inproc,10286233.494052984
222295,pf,udt-method-uses-na-nz-fixnan-01,eth-corpus,bars_per_s,,,,,B,ok,inproc,7324579.862632867
222295,pf,udt-method-var-instance-streak-01,eth-corpus,bars_per_s,,,,,B,ok,inproc,7623252.905234559
222295,pf,udt-tessellate-tuple-method-01,eth-corpus,bars_per_s,,,,,B,ok,inproc,8732544.241368394
222295,pc691,analyzer-parity-stop-limit-timing-01,eth-corpus,bars_per_s,,,,,B,ok,inproc,147436.0975063708
222295,pc691,bracket-exit-three-way-set-once-entry-01,eth-corpus,bars_per_s,,,,,B,ok,inproc,177904.7217475355
222295,pc691,bracket-same-id-exit-replace-01,eth-corpus,bars_per_s,,,,,B,ok,inproc,186379.15386905972
222295,pc691,bracket-tp-sl-oca-reduce-isolate-01,eth-corpus,bars_per_s,,,,,B,ok,inproc,106965.56388520167
222295,pc691,composite-boscurv-linreg-slope-channel-01,eth-corpus,bars_per_s,,,,,B,ok,inproc,67092.9142280955
222295,pc691,composite-ies-rsi-macd-momentum-01,eth-corpus,bars_per_s,,,,,B,ok,inproc,62306.72039176203
222295,pc691,composite-kkb-kalman-filter-1d-01,eth-corpus,bars_per_s,,,,,B,ok,inproc,70476.66273163115
222295,pc691,composite-kkb-margin-100-pct-01,eth-corpus,bars_per_s,,,,,B,ok,inproc,85222.68342715714
222295,pc691,composite-vcp-integration-01,eth-corpus,bars_per_s,,,,,B,ok,inproc,33020.63722491462
222295,pc691,composite-wunderscalper-explicit-reverse-01,eth-corpus,bars_per_s,,,,,B,ok,inproc,90379.31031502153
222295,pc691,magnifier-tick-dist-endpoints-rsi-cross-08a,eth-corpus,bars_per_s,,,,,B,ok,inproc,110735.2661017213
222295,pc691,matrix-eigen-rank-deficient-cov-01,eth-corpus,bars_per_s,,,,,B,ok,inproc,81442.68019836617
222295,pc691,mtf-dual-tf-60-240-rising-01,eth-corpus,bars_per_s,,,,,B,ok,inproc,388.93720988743416
222295,pc691,mtf-orbit-trend-01,eth-corpus,bars_per_s,,,,,B,ok,inproc,487.2892320057423
,pc691,mtf-rangefinder-daily-reference-01,eth-corpus,bars_per_s,,,,,B,run_error,inproc,
,pc691,mtf-roll-state-60-240-d-minimal-01,eth-corpus,bars_per_s,,,,,B,run_error,inproc,
,pc691,order-dual-stop-far-only-01,eth-corpus,bars_per_s,,,,,B,no_compile,inproc,
,pc691,order-dual-stop-open-low-first-path-01,eth-corpus,bars_per_s,,,,,B,no_compile,inproc,
,pc691,order-same-id-stop-window-four-bars-01,eth-corpus,bars_per_s,,,,,B,no_compile,inproc,
,pc691,pyramid-deferred-flip-close-all-01,eth-corpus,bars_per_s,,,,,B,no_compile,inproc,
,pc691,pyramid-terrace-staged-entry-01,eth-corpus,bars_per_s,,,,,B,no_compile,inproc,
,pc691,ta-chandelier-exit-direction-01,eth-corpus,bars_per_s,,,,,B,no_compile,inproc,
,pc691,ta-inside-bar-engulfing-01,eth-corpus,bars_per_s,,,,,B,no_compile,inproc,
,pc691,ta-mantle-keltner-regime-01,eth-corpus,bars_per_s,,,,,B,no_compile,inproc,
,pc691,ta-quarry-alma-correlation-01,eth-corpus,bars_per_s,,,,,B,no_compile,inproc,
,pc691,ta-rsi14-cross-50-01,eth-corpus,bars_per_s,,,,,B,no_compile,inproc,
,pc691,udt-method-uses-history-globals-01,eth-corpus,bars_per_s,,,,,B,no_compile,inproc,
,pc691,udt-method-uses-na-nz-fixnan-01,eth-corpus,bars_per_s,,,,,B,no_compile,inproc,
,pc691,udt-method-var-instance-streak-01,eth-corpus,bars_per_s,,,,,B,no_compile,inproc,
,pc691,udt-tessellate-tuple-method-01,eth-corpus,bars_per_s,,,,,B,no_compile,inproc,
32536,pf,C-aapl-10,aapl,bars_per_s,,,,,C,ok,inproc,5785565.284901214
32536,pf,C-aapl-11,aapl,bars_per_s,,,,,C,ok,inproc,5667940.164697074
175261,pf,C-btcusdt-01,btcusdt,bars_per_s,,,,,C,ok,inproc,1576862.8058910598
175261,pf,C-btcusdt-02,btcusdt,bars_per_s,,,,,C,ok,inproc,585444.4580210041
1827,pf,C-btcusdt-1d-01,btcusdt-1d,bars_per_s,,,,,C,ok,inproc,75821713.14741035
1827,pf,C-btcusdt-1d-02,btcusdt-1d,bars_per_s,,,,,C,ok,inproc,3865864.8576591522
118005,pf,C-es1-01,es1,bars_per_s,,,,,C,ok,inproc,6080588.707959535
118005,pf,C-es1-02,es1,bars_per_s,,,,,C,ok,inproc,3145666.553427469
1259,pf,C-es1-1d-01,es1-1d,bars_per_s,,,,,C,ok,inproc,2758412.171192449
1259,pf,C-es1-1d-02,es1-1d,bars_per_s,,,,,C,ok,inproc,766589.1350146742
222295,pf,C-eth-01,eth,bars_per_s,,,,,C,ok,inproc,660474.2245042613
222295,pf,C-eth-02,eth,bars_per_s,,,,,C,ok,inproc,6392071.881284565
124590,pf,C-eurusd-01,eurusd,bars_per_s,,,,,C,ok,inproc,6309901.074992609
124590,pf,C-eurusd-02,eurusd,bars_per_s,,,,,C,ok,inproc,4120918.784625649
32512,pf,C-f-01,f,bars_per_s,,,,,C,ok,inproc,3990792.895131704
32512,pf,C-aapl-03,f,bars_per_s,,,,,C,ok,inproc,4401387.8342618635
1255,pf,C-f-1d-01,f-1d,bars_per_s,,,,,C,ok,inproc,2828283.7388333497
1255,pf,C-f-1d-02,f-1d,bars_per_s,,,,,C,ok,inproc,4398153.82674428
30868,pf,C-nifty-01,nifty,bars_per_s,,,,,C,ok,inproc,2810049.9797084313
30868,pf,C-nifty-02,nifty,bars_per_s,,,,,C,ok,inproc,306571.33491277625
1240,pf,C-es1-1d-02,nifty-1d,bars_per_s,,,,,C,ok,inproc,751064.0578900793
1240,pf,C-nifty-1d-01,nifty-1d,bars_per_s,,,,,C,ok,inproc,5072611.986091225
118005,pf,C-eth-02,nq1,bars_per_s,,,,,C,ok,inproc,6368702.800399657
118005,pf,C-nq1-01,nq1,bars_per_s,,,,,C,ok,inproc,2897661.7474394534
1259,pf,C-nq1-1d-01,nq1-1d,bars_per_s,,,,,C,ok,inproc,1797610.990699255
1259,pf,C-nq1-1d-02,nq1-1d,bars_per_s,,,,,C,ok,inproc,488604.3418646989
118249,pf,C-xauusd-01,xauusd,bars_per_s,,,,,C,ok,inproc,3408098.471331698
118249,pf,C-xauusd-02,xauusd,bars_per_s,,,,,C,ok,inproc,2029687.1678933832
1291,pf,C-xauusd-1d-01,xauusd-1d,bars_per_s,,,,,C,ok,inproc,4995472.731916079
1291,pf,C-xauusd-1d-02,xauusd-1d,bars_per_s,,,,,C,ok,inproc,11951822.398326188
32536,pc691,C-aapl-10,aapl,bars_per_s,,,,,C,ok,inproc,81593.31399066557
32536,pc691,C-aapl-11,aapl,bars_per_s,,,,,C,ok,inproc,59436.137424014894
175261,pc691,C-btcusdt-01,btcusdt,bars_per_s,,,,,C,ok,inproc,34834.63337907281
175261,pc691,C-btcusdt-02,btcusdt,bars_per_s,,,,,C,ok,inproc,9286.937943365154
,pc691,C-btcusdt-1d-01,btcusdt-1d,bars_per_s,,,,,C,run_error,inproc,
1827,pc691,C-btcusdt-1d-02,btcusdt-1d,bars_per_s,,,,,C,ok,inproc,60738.26210644548
118005,pc691,C-es1-01,es1,bars_per_s,,,,,C,ok,inproc,64738.04216864299
118005,pc691,C-es1-02,es1,bars_per_s,,,,,C,ok,inproc,56549.65338397805
1259,pc691,C-es1-1d-01,es1-1d,bars_per_s,,,,,C,ok,inproc,29021.717326813534
,pc691,C-es1-1d-02,es1-1d,bars_per_s,,,,,C,run_error,inproc,
222295,pc691,C-eth-01,eth,bars_per_s,,,,,C,ok,inproc,6587.90992842921
222295,pc691,C-eth-02,eth,bars_per_s,,,,,C,ok,inproc,97265.06979341837
124590,pc691,C-eurusd-01,eurusd,bars_per_s,,,,,C,ok,inproc,64240.790127295935
124590,pc691,C-eurusd-02,eurusd,bars_per_s,,,,,C,ok,inproc,55585.30944257668
32512,pc691,C-f-01,f,bars_per_s,,,,,C,ok,inproc,71274.91855236914
32512,pc691,C-aapl-03,f,bars_per_s,,,,,C,ok,inproc,34713.16661611875
1255,pc691,C-f-1d-01,f-1d,bars_per_s,,,,,C,ok,inproc,36867.33739565368
1255,pc691,C-f-1d-02,f-1d,bars_per_s,,,,,C,ok,inproc,48550.744793570935
30868,pc691,C-nifty-01,nifty,bars_per_s,,,,,C,ok,inproc,42150.20104524824
30868,pc691,C-nifty-02,nifty,bars_per_s,,,,,C,ok,inproc,4120.1931210117655
,pc691,C-es1-1d-02,nifty-1d,bars_per_s,,,,,C,run_error,inproc,
1240,pc691,C-nifty-1d-01,nifty-1d,bars_per_s,,,,,C,ok,inproc,37864.20594927901
118005,pc691,C-eth-02,nq1,bars_per_s,,,,,C,ok,inproc,99234.15651827233
118005,pc691,C-nq1-01,nq1,bars_per_s,,,,,C,ok,inproc,45078.83222527408
1259,pc691,C-nq1-1d-01,nq1-1d,bars_per_s,,,,,C,ok,inproc,26174.521355010274
1259,pc691,C-nq1-1d-02,nq1-1d,bars_per_s,,,,,C,ok,inproc,12670.886632158243
118249,pc691,C-xauusd-01,xauusd,bars_per_s,,,,,C,ok,inproc,40914.175339279114
118249,pc691,C-xauusd-02,xauusd,bars_per_s,,,,,C,ok,inproc,29868.724401290558
1291,pc691,C-xauusd-1d-01,xauusd-1d,bars_per_s,,,,,C,ok,inproc,49548.099076240745
,pc691,C-xauusd-1d-02,xauusd-1d,bars_per_s,,,,,C,run_error,inproc,
10000,pf,01-sma-cross,eurusd,bars_per_s,,,,,A,ok,scaling,7130378.979642768
10000,pc691,01-sma-cross,eurusd,bars_per_s,,,,,A,ok,scaling,80343.47090912759
10000,pf,02-inside-bar,eurusd,bars_per_s,,,,,A,ok,scaling,6471373.555508531
10000,pc691,02-inside-bar,eurusd,bars_per_s,,,,,A,ok,scaling,89816.36621789829
10000,pf,03-supertrend,eurusd,bars_per_s,,,,,A,ok,scaling,7259491.2403348945
10000,pc691,03-supertrend,eurusd,bars_per_s,,,,,A,ok,scaling,93952.01474129659
10000,pf,04-macd-histogram,eurusd,bars_per_s,,,,,A,ok,scaling,6431418.249921055
10000,pc691,04-macd-histogram,eurusd,bars_per_s,,,,,A,ok,scaling,78958.86919592401
10000,pf,05-stoch-rsi,eurusd,bars_per_s,,,,,A,ok,scaling,5022329.275960922
10000,pc691,05-stoch-rsi,eurusd,bars_per_s,,,,,A,ok,scaling,69509.8865545129
10000,pf,06-liquidity-sweep,eurusd,bars_per_s,,,,,A,ok,scaling,2526084.985077153
10000,pc691,06-liquidity-sweep,eurusd,bars_per_s,,,,,A,ok,scaling,71155.9156826023
10000,pf,07-scalping-strategy,eurusd,bars_per_s,,,,,A,ok,scaling,4560670.601005172
10000,pc691,07-scalping-strategy,eurusd,bars_per_s,,,,,A,ok,scaling,97084.92606817836
10000,pf,08-4ema-rsi,eurusd,bars_per_s,,,,,A,ok,scaling,5586729.506200152
10000,pc691,08-4ema-rsi,eurusd,bars_per_s,,,,,A,ok,scaling,72467.35577517867
10000,pf,09-kkb-kalman,eurusd,bars_per_s,,,,,A,ok,scaling,8731954.324893316
10000,pc691,09-kkb-kalman,eurusd,bars_per_s,,,,,A,ok,scaling,79954.66890091993
10000,pf,10-market-shift,eurusd,bars_per_s,,,,,A,ok,scaling,2741872.199691649
10000,pc691,10-market-shift,eurusd,bars_per_s,,,,,A,ok,scaling,44812.91776450473
10000,pf,100-matrix-bool-mask-no-transpose-01,eurusd,bars_per_s,,,,,A,ok,scaling,2798543.7497743675
10000,pc691,100-matrix-bool-mask-no-transpose-01,eurusd,bars_per_s,,,,,A,ok,scaling,11931.224010252025
10000,pf,11-greedy,eurusd,bars_per_s,,,,,A,ok,scaling,1374738.627818386
10000,pc691,11-greedy,eurusd,bars_per_s,,,,,A,ok,scaling,122682.59930861976
10000,pf,12-keltner,eurusd,bars_per_s,,,,,A,ok,scaling,5320317.708092256
10000,pc691,12-keltner,eurusd,bars_per_s,,,,,A,ok,scaling,83105.05206581375
10000,pf,13-stoch-slow-k-d-cross,eurusd,bars_per_s,,,,,A,ok,scaling,3932788.6421064017
10000,pc691,13-stoch-slow-k-d-cross,eurusd,bars_per_s,,,,,A,ok,scaling,53151.48721316069
10000,pf,14-pivot-ext,eurusd,bars_per_s,,,,,A,ok,scaling,4776014.4732342595
10000,pc691,14-pivot-ext,eurusd,bars_per_s,,,,,A,ok,scaling,52561.62053699411
10000,pf,15-stochastic-slow,eurusd,bars_per_s,,,,,A,ok,scaling,6538054.41884215
10000,pc691,15-stochastic-slow,eurusd,bars_per_s,,,,,A,ok,scaling,79987.41382046053
10000,pf,16-volty-expan,eurusd,bars_per_s,,,,,A,ok,scaling,3954286.8621587004
10000,pc691,16-volty-expan,eurusd,bars_per_s,,,,,A,ok,scaling,41821.5699280362
10000,pf,17-bos-curv,eurusd,bars_per_s,,,,,A,ok,scaling,1503072.9575079773
10000,pc691,17-bos-curv,eurusd,bars_per_s,,,,,A,ok,scaling,16647.102658680134
10000,pf,18-kanuck,eurusd,bars_per_s,,,,,A,ok,scaling,940791.388070897
10000,pc691,18-kanuck,eurusd,bars_per_s,,,,,A,ok,scaling,18515.32877311031
10000,pf,19-scalping-wunder-bots,eurusd,bars_per_s,,,,,A,ok,scaling,2565276.013437942
10000,pc691,19-scalping-wunder-bots,eurusd,bars_per_s,,,,,A,ok,scaling,29515.150287500146
50000,pf,01-sma-cross,eurusd,bars_per_s,,,,,A,ok,scaling,6449230.43268016
50000,pc691,01-sma-cross,eurusd,bars_per_s,,,,,A,ok,scaling,82119.05164511008
50000,pf,02-inside-bar,eurusd,bars_per_s,,,,,A,ok,scaling,6683191.972684458
50000,pc691,02-inside-bar,eurusd,bars_per_s,,,,,A,ok,scaling,90099.7213444472
50000,pf,03-supertrend,eurusd,bars_per_s,,,,,A,ok,scaling,7319240.379956407
50000,pc691,03-supertrend,eurusd,bars_per_s,,,,,A,ok,scaling,93963.3713188656
50000,pf,04-macd-histogram,eurusd,bars_per_s,,,,,A,ok,scaling,5664750.54591201
50000,pc691,04-macd-histogram,eurusd,bars_per_s,,,,,A,ok,scaling,79246.45346207166
50000,pf,05-stoch-rsi,eurusd,bars_per_s,,,,,A,ok,scaling,5025519.588470252
50000,pc691,05-stoch-rsi,eurusd,bars_per_s,,,,,A,ok,scaling,70206.33559186975
50000,pf,06-liquidity-sweep,eurusd,bars_per_s,,,,,A,ok,scaling,2869380.8484437796
50000,pc691,06-liquidity-sweep,eurusd,bars_per_s,,,,,A,ok,scaling,74031.76727712408
50000,pf,07-scalping-strategy,eurusd,bars_per_s,,,,,A,ok,scaling,4985440.519506833
50000,pc691,07-scalping-strategy,eurusd,bars_per_s,,,,,A,ok,scaling,98873.775491795
50000,pf,08-4ema-rsi,eurusd,bars_per_s,,,,,A,ok,scaling,5346146.406785499
50000,pc691,08-4ema-rsi,eurusd,bars_per_s,,,,,A,ok,scaling,72723.00729811449
50000,pf,09-kkb-kalman,eurusd,bars_per_s,,,,,A,ok,scaling,8525329.435780058
50000,pc691,09-kkb-kalman,eurusd,bars_per_s,,,,,A,ok,scaling,81331.49137892453
50000,pf,10-market-shift,eurusd,bars_per_s,,,,,A,ok,scaling,2833757.3956817393
50000,pc691,10-market-shift,eurusd,bars_per_s,,,,,A,ok,scaling,44697.254939274404
50000,pf,100-matrix-bool-mask-no-transpose-01,eurusd,bars_per_s,,,,,A,ok,scaling,2710877.537083178
50000,pc691,100-matrix-bool-mask-no-transpose-01,eurusd,bars_per_s,,,,,A,ok,scaling,11917.958092235625
50000,pf,11-greedy,eurusd,bars_per_s,,,,,A,ok,scaling,1508467.4046592033
50000,pc691,11-greedy,eurusd,bars_per_s,,,,,A,ok,scaling,125648.58480164468
50000,pf,12-keltner,eurusd,bars_per_s,,,,,A,ok,scaling,5622959.849592572
50000,pc691,12-keltner,eurusd,bars_per_s,,,,,A,ok,scaling,84811.77876296573
50000,pf,13-stoch-slow-k-d-cross,eurusd,bars_per_s,,,,,A,ok,scaling,3839124.9989154474
50000,pc691,13-stoch-slow-k-d-cross,eurusd,bars_per_s,,,,,A,ok,scaling,53159.28252762063
50000,pf,14-pivot-ext,eurusd,bars_per_s,,,,,A,ok,scaling,4801713.712417107
50000,pc691,14-pivot-ext,eurusd,bars_per_s,,,,,A,ok,scaling,53316.57446954897
50000,pf,15-stochastic-slow,eurusd,bars_per_s,,,,,A,ok,scaling,6539053.121567406
50000,pc691,15-stochastic-slow,eurusd,bars_per_s,,,,,A,ok,scaling,80472.48524859677
50000,pf,16-volty-expan,eurusd,bars_per_s,,,,,A,ok,scaling,3546092.2488948246
50000,pc691,16-volty-expan,eurusd,bars_per_s,,,,,A,ok,scaling,41325.28625980334
50000,pf,17-bos-curv,eurusd,bars_per_s,,,,,A,ok,scaling,1397419.7482799857
50000,pc691,17-bos-curv,eurusd,bars_per_s,,,,,A,ok,scaling,16481.13277562753
50000,pf,18-kanuck,eurusd,bars_per_s,,,,,A,ok,scaling,929922.6473603318
50000,pc691,18-kanuck,eurusd,bars_per_s,,,,,A,ok,scaling,18307.544960571475
50000,pf,19-scalping-wunder-bots,eurusd,bars_per_s,,,,,A,ok,scaling,2815002.907053502
50000,pc691,19-scalping-wunder-bots,eurusd,bars_per_s,,,,,A,ok,scaling,31405.139800730405
124590,pf,01-sma-cross,eurusd,bars_per_s,,,,,A,ok,scaling,6206518.812467137
124590,pc691,01-sma-cross,eurusd,bars_per_s,,,,,A,ok,scaling,82237.14906675341
124590,pf,02-inside-bar,eurusd,bars_per_s,,,,,A,ok,scaling,6402446.403599554
124590,pc691,02-inside-bar,eurusd,bars_per_s,,,,,A,ok,scaling,90610.66605662806
124590,pf,03-supertrend,eurusd,bars_per_s,,,,,A,ok,scaling,7234135.924298621
124590,pc691,03-supertrend,eurusd,bars_per_s,,,,,A,ok,scaling,95777.53590069953
124590,pf,04-macd-histogram,eurusd,bars_per_s,,,,,A,ok,scaling,5399955.349273611
124590,pc691,04-macd-histogram,eurusd,bars_per_s,,,,,A,ok,scaling,78868.1487953981
124590,pf,05-stoch-rsi,eurusd,bars_per_s,,,,,A,ok,scaling,4607881.96721166
124590,pc691,05-stoch-rsi,eurusd,bars_per_s,,,,,A,ok,scaling,70445.25305261646
124590,pf,06-liquidity-sweep,eurusd,bars_per_s,,,,,A,ok,scaling,2696192.415387189
124590,pc691,06-liquidity-sweep,eurusd,bars_per_s,,,,,A,ok,scaling,74539.62600346017
124590,pf,07-scalping-strategy,eurusd,bars_per_s,,,,,A,ok,scaling,5636084.803375553
124590,pc691,07-scalping-strategy,eurusd,bars_per_s,,,,,A,ok,scaling,97755.4882466593
124590,pf,08-4ema-rsi,eurusd,bars_per_s,,,,,A,ok,scaling,5752002.67475742
124590,pc691,08-4ema-rsi,eurusd,bars_per_s,,,,,A,ok,scaling,74108.67922949177
124590,pf,09-kkb-kalman,eurusd,bars_per_s,,,,,A,ok,scaling,8311986.292527879
124590,pc691,09-kkb-kalman,eurusd,bars_per_s,,,,,A,ok,scaling,80672.08425566269
124590,pf,10-market-shift,eurusd,bars_per_s,,,,,A,ok,scaling,2640712.805515624
124590,pc691,10-market-shift,eurusd,bars_per_s,,,,,A,ok,scaling,44585.839405497434
124590,pf,100-matrix-bool-mask-no-transpose-01,eurusd,bars_per_s,,,,,A,ok,scaling,2696435.1607873095
124590,pc691,100-matrix-bool-mask-no-transpose-01,eurusd,bars_per_s,,,,,A,ok,scaling,11848.703848631372
124590,pf,11-greedy,eurusd,bars_per_s,,,,,A,ok,scaling,3080134.3718817625
124590,pc691,11-greedy,eurusd,bars_per_s,,,,,A,ok,scaling,136935.79586223967
124590,pf,12-keltner,eurusd,bars_per_s,,,,,A,ok,scaling,5722392.45333143
124590,pc691,12-keltner,eurusd,bars_per_s,,,,,A,ok,scaling,85022.87446980008
124590,pf,13-stoch-slow-k-d-cross,eurusd,bars_per_s,,,,,A,ok,scaling,3839314.7992535103
124590,pc691,13-stoch-slow-k-d-cross,eurusd,bars_per_s,,,,,A,ok,scaling,53437.50446773501
124590,pf,14-pivot-ext,eurusd,bars_per_s,,,,,A,ok,scaling,4450305.634803469
124590,pc691,14-pivot-ext,eurusd,bars_per_s,,,,,A,ok,scaling,52929.60420629895
124590,pf,15-stochastic-slow,eurusd,bars_per_s,,,,,A,ok,scaling,6432290.501010844
124590,pc691,15-stochastic-slow,eurusd,bars_per_s,,,,,A,ok,scaling,81066.30179755964
124590,pf,16-volty-expan,eurusd,bars_per_s,,,,,A,ok,scaling,3508103.369634793
124590,pc691,16-volty-expan,eurusd,bars_per_s,,,,,A,ok,scaling,41593.16816839486
124590,pf,17-bos-curv,eurusd,bars_per_s,,,,,A,ok,scaling,1472541.2541137105
124590,pc691,17-bos-curv,eurusd,bars_per_s,,,,,A,ok,scaling,16772.949644321256
124590,pf,18-kanuck,eurusd,bars_per_s,,,,,A,ok,scaling,928701.7985485463
124590,pc691,18-kanuck,eurusd,bars_per_s,,,,,A,ok,scaling,18406.603482446884
124590,pf,19-scalping-wunder-bots,eurusd,bars_per_s,,,,,A,ok,scaling,3003090.2977839173
124590,pc691,19-scalping-wunder-bots,eurusd,bars_per_s,,,,,A,ok,scaling,32624.88792039091
10000,pf,01-sma-cross,eth-suite,bars_per_s,,,,,A,ok,scaling,6882871.42383208
10000,pc691,01-sma-cross,eth-suite,bars_per_s,,,,,A,ok,scaling,76173.86535466426
10000,pf,02-inside-bar,eth-suite,bars_per_s,,,,,A,ok,scaling,5743894.670757086
10000,pc691,02-inside-bar,eth-suite,bars_per_s,,,,,A,ok,scaling,73847.87638763484
10000,pf,03-supertrend,eth-suite,bars_per_s,,,,,A,ok,scaling,6985957.526775429
10000,pc691,03-supertrend,eth-suite,bars_per_s,,,,,A,ok,scaling,89065.8171450273
10000,pf,04-macd-histogram,eth-suite,bars_per_s,,,,,A,ok,scaling,6274458.624023773
10000,pc691,04-macd-histogram,eth-suite,bars_per_s,,,,,A,ok,scaling,73392.88911856624
10000,pf,05-stoch-rsi,eth-suite,bars_per_s,,,,,A,ok,scaling,4993797.70325256
10000,pc691,05-stoch-rsi,eth-suite,bars_per_s,,,,,A,ok,scaling,67696.49279364065
10000,pf,06-liquidity-sweep,eth-suite,bars_per_s,,,,,A,ok,scaling,3687960.2113348716
10000,pc691,06-liquidity-sweep,eth-suite,bars_per_s,,,,,A,ok,scaling,77194.5398356672
10000,pf,07-scalping-strategy,eth-suite,bars_per_s,,,,,A,ok,scaling,5895882.256872977
10000,pc691,07-scalping-strategy,eth-suite,bars_per_s,,,,,A,ok,scaling,101600.06487773743
10000,pf,08-4ema-rsi,eth-suite,bars_per_s,,,,,A,ok,scaling,5525582.341122931
10000,pc691,08-4ema-rsi,eth-suite,bars_per_s,,,,,A,ok,scaling,73870.3947912389
10000,pf,09-kkb-kalman,eth-suite,bars_per_s,,,,,A,ok,scaling,8370820.658515719
10000,pc691,09-kkb-kalman,eth-suite,bars_per_s,,,,,A,ok,scaling,76256.11745638265
10000,pf,10-market-shift,eth-suite,bars_per_s,,,,,A,ok,scaling,2741583.5441382616
10000,pc691,10-market-shift,eth-suite,bars_per_s,,,,,A,ok,scaling,42803.45472846811
10000,pf,100-matrix-bool-mask-no-transpose-01,eth-suite,bars_per_s,,,,,A,ok,scaling,2599017.363515202
10000,pc691,100-matrix-bool-mask-no-transpose-01,eth-suite,bars_per_s,,,,,A,ok,scaling,11387.679974680723
10000,pf,11-greedy,eth-suite,bars_per_s,,,,,A,ok,scaling,10165225.576520769
10000,pc691,11-greedy,eth-suite,bars_per_s,,,,,A,ok,scaling,147384.2761876398
10000,pf,12-keltner,eth-suite,bars_per_s,,,,,A,ok,scaling,5637986.043729347
10000,pc691,12-keltner,eth-suite,bars_per_s,,,,,A,ok,scaling,78807.19199477806
10000,pf,13-stoch-slow-k-d-cross,eth-suite,bars_per_s,,,,,A,ok,scaling,3640804.093428858
10000,pc691,13-stoch-slow-k-d-cross,eth-suite,bars_per_s,,,,,A,ok,scaling,50088.46424200566
10000,pf,14-pivot-ext,eth-suite,bars_per_s,,,,,A,ok,scaling,4686237.64473445
10000,pc691,14-pivot-ext,eth-suite,bars_per_s,,,,,A,ok,scaling,51902.76281053481
10000,pf,15-stochastic-slow,eth-suite,bars_per_s,,,,,A,ok,scaling,6172397.532028571
10000,pc691,15-stochastic-slow,eth-suite,bars_per_s,,,,,A,ok,scaling,76846.75331880955
10000,pf,16-volty-expan,eth-suite,bars_per_s,,,,,A,ok,scaling,3072258.915234533
10000,pc691,16-volty-expan,eth-suite,bars_per_s,,,,,A,ok,scaling,41692.12422515291
10000,pf,17-bos-curv,eth-suite,bars_per_s,,,,,A,ok,scaling,4786438.679019508
10000,pc691,17-bos-curv,eth-suite,bars_per_s,,,,,A,ok,scaling,43638.37176315269
10000,pf,18-kanuck,eth-suite,bars_per_s,,,,,A,ok,scaling,856672.0057321638
10000,pc691,18-kanuck,eth-suite,bars_per_s,,,,,A,ok,scaling,18518.09716322251
10000,pf,19-scalping-wunder-bots,eth-suite,bars_per_s,,,,,A,ok,scaling,2917052.446852763
10000,pc691,19-scalping-wunder-bots,eth-suite,bars_per_s,,,,,A,ok,scaling,32597.225609707795
25000,pf,01-sma-cross,eth-suite,bars_per_s,,,,,A,ok,scaling,6038588.999140104
25000,pc691,01-sma-cross,eth-suite,bars_per_s,,,,,A,ok,scaling,76675.26929451032
25000,pf,02-inside-bar,eth-suite,bars_per_s,,,,,A,ok,scaling,5860345.61974327
25000,pc691,02-inside-bar,eth-suite,bars_per_s,,,,,A,ok,scaling,76348.95766295768
25000,pf,03-supertrend,eth-suite,bars_per_s,,,,,A,ok,scaling,6880882.294251298
25000,pc691,03-supertrend,eth-suite,bars_per_s,,,,,A,ok,scaling,89970.4077252306
25000,pf,04-macd-histogram,eth-suite,bars_per_s,,,,,A,ok,scaling,5478370.189251394
25000,pc691,04-macd-histogram,eth-suite,bars_per_s,,,,,A,ok,scaling,74614.58433379055
25000,pf,05-stoch-rsi,eth-suite,bars_per_s,,,,,A,ok,scaling,4976960.653741699
25000,pc691,05-stoch-rsi,eth-suite,bars_per_s,,,,,A,ok,scaling,67259.48078946951
25000,pf,06-liquidity-sweep,eth-suite,bars_per_s,,,,,A,ok,scaling,4220090.907510293
25000,pc691,06-liquidity-sweep,eth-suite,bars_per_s,,,,,A,ok,scaling,78160.45969080165
25000,pf,07-scalping-strategy,eth-suite,bars_per_s,,,,,A,ok,scaling,5982040.478792949
25000,pc691,07-scalping-strategy,eth-suite,bars_per_s,,,,,A,ok,scaling,102961.28390085216
25000,pf,08-4ema-rsi,eth-suite,bars_per_s,,,,,A,ok,scaling,5708044.049660896
25000,pc691,08-4ema-rsi,eth-suite,bars_per_s,,,,,A,ok,scaling,74005.09014706561
25000,pf,09-kkb-kalman,eth-suite,bars_per_s,,,,,A,ok,scaling,8271514.7889721515
25000,pc691,09-kkb-kalman,eth-suite,bars_per_s,,,,,A,ok,scaling,76557.97992595258
25000,pf,10-market-shift,eth-suite,bars_per_s,,,,,A,ok,scaling,2719855.434243959
25000,pc691,10-market-shift,eth-suite,bars_per_s,,,,,A,ok,scaling,43253.49734284423
25000,pf,100-matrix-bool-mask-no-transpose-01,eth-suite,bars_per_s,,,,,A,ok,scaling,2315362.569570857
25000,pc691,100-matrix-bool-mask-no-transpose-01,eth-suite,bars_per_s,,,,,A,ok,scaling,11709.313133391786
25000,pf,11-greedy,eth-suite,bars_per_s,,,,,A,ok,scaling,8550993.163651984
25000,pc691,11-greedy,eth-suite,bars_per_s,,,,,A,ok,scaling,153056.40821069753
25000,pf,12-keltner,eth-suite,bars_per_s,,,,,A,ok,scaling,5645451.211558994
25000,pc691,12-keltner,eth-suite,bars_per_s,,,,,A,ok,scaling,79591.97663464824
25000,pf,13-stoch-slow-k-d-cross,eth-suite,bars_per_s,,,,,A,ok,scaling,3630455.1036865236
25000,pc691,13-stoch-slow-k-d-cross,eth-suite,bars_per_s,,,,,A,ok,scaling,50022.72712575141
25000,pf,14-pivot-ext,eth-suite,bars_per_s,,,,,A,ok,scaling,4701132.991855569
25000,pc691,14-pivot-ext,eth-suite,bars_per_s,,,,,A,ok,scaling,51628.191032649935
25000,pf,15-stochastic-slow,eth-suite,bars_per_s,,,,,A,ok,scaling,6319706.361163635
25000,pc691,15-stochastic-slow,eth-suite,bars_per_s,,,,,A,ok,scaling,78716.14992232574
25000,pf,16-volty-expan,eth-suite,bars_per_s,,,,,A,ok,scaling,3092308.5010653003
25000,pc691,16-volty-expan,eth-suite,bars_per_s,,,,,A,ok,scaling,42019.66271794954
25000,pf,17-bos-curv,eth-suite,bars_per_s,,,,,A,ok,scaling,4898447.348940701
25000,pc691,17-bos-curv,eth-suite,bars_per_s,,,,,A,ok,scaling,40393.05714827176
25000,pf,18-kanuck,eth-suite,bars_per_s,,,,,A,ok,scaling,846803.3495340364
25000,pc691,18-kanuck,eth-suite,bars_per_s,,,,,A,ok,scaling,18466.903659581865
25000,pf,19-scalping-wunder-bots,eth-suite,bars_per_s,,,,,A,ok,scaling,2898461.6704530236
25000,pc691,19-scalping-wunder-bots,eth-suite,bars_per_s,,,,,A,ok,scaling,32572.134832842024
53929,pf,01-sma-cross,eth-suite,bars_per_s,,,,,A,ok,scaling,6061965.837665571
53929,pc691,01-sma-cross,eth-suite,bars_per_s,,,,,A,ok,scaling,77065.09603307128
53929,pf,02-inside-bar,eth-suite,bars_per_s,,,,,A,ok,scaling,5919986.598825049
53929,pc691,02-inside-bar,eth-suite,bars_per_s,,,,,A,ok,scaling,77651.22530772496
53929,pf,03-supertrend,eth-suite,bars_per_s,,,,,A,ok,scaling,7225091.427302885
53929,pc691,03-supertrend,eth-suite,bars_per_s,,,,,A,ok,scaling,90680.18595597359
53929,pf,04-macd-histogram,eth-suite,bars_per_s,,,,,A,ok,scaling,5321563.378597229
53929,pc691,04-macd-histogram,eth-suite,bars_per_s,,,,,A,ok,scaling,74803.49532075625
53929,pf,05-stoch-rsi,eth-suite,bars_per_s,,,,,A,ok,scaling,4457346.256929244
53929,pc691,05-stoch-rsi,eth-suite,bars_per_s,,,,,A,ok,scaling,68310.75552598755
53929,pf,06-liquidity-sweep,eth-suite,bars_per_s,,,,,A,ok,scaling,4280456.792658464
53929,pc691,06-liquidity-sweep,eth-suite,bars_per_s,,,,,A,ok,scaling,78886.13624039601
53929,pf,07-scalping-strategy,eth-suite,bars_per_s,,,,,A,ok,scaling,5957456.586149479
53929,pc691,07-scalping-strategy,eth-suite,bars_per_s,,,,,A,ok,scaling,103912.55760878454
53929,pf,08-4ema-rsi,eth-suite,bars_per_s,,,,,A,ok,scaling,5530089.350591606
53929,pc691,08-4ema-rsi,eth-suite,bars_per_s,,,,,A,ok,scaling,74613.25467604735
53929,pf,09-kkb-kalman,eth-suite,bars_per_s,,,,,A,ok,scaling,7884987.293574501
53929,pc691,09-kkb-kalman,eth-suite,bars_per_s,,,,,A,ok,scaling,76888.79497690288
53929,pf,10-market-shift,eth-suite,bars_per_s,,,,,A,ok,scaling,2769301.744050564
53929,pc691,10-market-shift,eth-suite,bars_per_s,,,,,A,ok,scaling,43644.76758950841
53929,pf,100-matrix-bool-mask-no-transpose-01,eth-suite,bars_per_s,,,,,A,ok,scaling,2253646.5412674863
53929,pc691,100-matrix-bool-mask-no-transpose-01,eth-suite,bars_per_s,,,,,A,ok,scaling,11745.497468392281
53929,pf,11-greedy,eth-suite,bars_per_s,,,,,A,ok,scaling,8326060.310943129
53929,pc691,11-greedy,eth-suite,bars_per_s,,,,,A,ok,scaling,153774.8575265067
53929,pf,12-keltner,eth-suite,bars_per_s,,,,,A,ok,scaling,5622625.288187045
53929,pc691,12-keltner,eth-suite,bars_per_s,,,,,A,ok,scaling,80294.36265621202
53929,pf,13-stoch-slow-k-d-cross,eth-suite,bars_per_s,,,,,A,ok,scaling,3571889.3651496354
53929,pc691,13-stoch-slow-k-d-cross,eth-suite,bars_per_s,,,,,A,ok,scaling,49076.85497553021
53929,pf,14-pivot-ext,eth-suite,bars_per_s,,,,,A,ok,scaling,4497594.830497244
53929,pc691,14-pivot-ext,eth-suite,bars_per_s,,,,,A,ok,scaling,51354.550669393226
53929,pf,15-stochastic-slow,eth-suite,bars_per_s,,,,,A,ok,scaling,6394528.752554065
53929,pc691,15-stochastic-slow,eth-suite,bars_per_s,,,,,A,ok,scaling,77192.06591064495
53929,pf,16-volty-expan,eth-suite,bars_per_s,,,,,A,ok,scaling,2914563.8641531887
53929,pc691,16-volty-expan,eth-suite,bars_per_s,,,,,A,ok,scaling,42285.67383427199
53929,pf,17-bos-curv,eth-suite,bars_per_s,,,,,A,ok,scaling,4807669.5920626065
53929,pc691,17-bos-curv,eth-suite,bars_per_s,,,,,A,ok,scaling,44142.87891757696
53929,pf,18-kanuck,eth-suite,bars_per_s,,,,,A,ok,scaling,842738.4616682844
53929,pc691,18-kanuck,eth-suite,bars_per_s,,,,,A,ok,scaling,18311.922993399843
53929,pf,19-scalping-wunder-bots,eth-suite,bars_per_s,,,,,A,ok,scaling,2979275.77782886
53929,pc691,19-scalping-wunder-bots,eth-suite,bars_per_s,,,,,A,ok,scaling,33016.31232962015
,pf,04-macd-histogram,,total_s,,,,,A,ok,sweep,0.83027634
,pc691,04-macd-histogram,,total_s,,,,,A,ok,sweep,131.944
,pf,05-stoch-rsi,,total_s,,,,,A,ok,sweep,1.064065496
,pc691,05-stoch-rsi,,total_s,,,,,A,ok,sweep,102.531
,pf,06-liquidity-sweep,,total_s,,,,,A,ok,sweep,1.269656231
,pc691,06-liquidity-sweep,,total_s,,,,,A,ok,sweep,129.196
,pf,08-4ema-rsi,,total_s,,,,,A,ok,sweep,0.701941101
,pc691,08-4ema-rsi,,total_s,,,,,A,ok,sweep,122.467
,pf,10-market-shift,,total_s,,,,,A,ok,sweep,1.949870509
,pc691,10-market-shift,,total_s,,,,,A,ok,sweep,202.154
,,01-sma-cross,,pc_translate_s,,0.046,1.356,,A,,compilecost,0.03
,,02-inside-bar,,pc_translate_s,,0.088,1.643,,A,,compilecost,0.022
,,03-supertrend,,pc_translate_s,,0.044,1.839,,A,,compilecost,0.015
,,04-macd-histogram,,pc_translate_s,,0.047,0.897,,A,,compilecost,0.006
,,05-stoch-rsi,,pc_translate_s,,0.046,1.186,,A,,compilecost,-0.014
,,06-liquidity-sweep,,pc_translate_s,,0.111,1.402,,A,,compilecost,0.007
,,07-scalping-strategy,,pc_translate_s,,0.052,0.952,,A,,compilecost,-0.026
,,08-4ema-rsi,,pc_translate_s,,0.056,0.993,,A,,compilecost,-0.024
,,09-kkb-kalman,,pc_translate_s,,0.055,1.73,,A,,compilecost,-0.027
,,10-market-shift,,pc_translate_s,,0.124,2.04,,A,,compilecost,0.017
,,100-matrix-bool-mask-no-transpose-01,,pc_translate_s,,0.095,2.008,,A,,compilecost,0.02
,,11-greedy,,pc_translate_s,,0.152,1.945,,A,,compilecost,-0.002
,,12-keltner,,pc_translate_s,,0.053,1.505,,A,,compilecost,0.011
,,13-stoch-slow-k-d-cross,,pc_translate_s,,0.071,2.14,,A,,compilecost,0.024
,,14-pivot-ext,,pc_translate_s,,0.047,1.182,,A,,compilecost,0.003
,,15-stochastic-slow,,pc_translate_s,,0.091,1.456,,A,,compilecost,-0.024
,,16-volty-expan,,pc_translate_s,,0.092,2.095,,A,,compilecost,0.016
,,17-bos-curv,,pc_translate_s,,0.253,2.382,,A,,compilecost,-0.008
,,18-kanuck,,pc_translate_s,,0.155,2.501,,A,,compilecost,-0.01
,,19-scalping-wunder-bots,,pc_translate_s,,0.122,2.338,,A,,compilecost,-0.006
,pf,all,,byte_identical,,,,,A,,determinism,20
,pc691,all,,byte_identical,,,,,A,,determinism,20
,pf,all,,byte_identical,,,,,B,,determinism,20
,pc691,all,,byte_identical,,,,,B,,determinism,20
,pf,all,,byte_identical,,,,,C,,determinism,20
,pc691,all,,byte_identical,,,,,C,,determinism,20
